emp_length,annual_income,debt_to_income,annual_income_joint,debt_to_income_joint,delinq_2y,months_since_last_delinq,earliest_credit_line,inquiries_last_12m,total_credit_lines,open_credit_lines,total_credit_limit,total_credit_utilized,num_collections_last_12m,num_historical_failed_to_pay,months_since_90d_late,current_accounts_delinq,total_collection_amount_ever,current_installment_accounts,accounts_opened_24m,months_since_last_credit_inquiry,num_satisfactory_accounts,num_accounts_120d_past_due,num_accounts_30d_past_due,num_active_debit_accounts,total_debit_limit,num_total_cc_accounts,num_open_cc_accounts,num_cc_carrying_balance,num_mort_accounts,account_never_delinq_percent,tax_liens,public_record_bankrupt,loan_amount,term,interest_rate,installment,grade,default,is_joint_app,ever_delinquent,ever_90d_late,loan_income_ratio,homeownership_OWN,homeownership_RENT,verified_income_Source Verified,verified_income_Verified,loan_purpose_credit_card,loan_purpose_debt_consolidation,loan_purpose_home_improvement,loan_purpose_house,loan_purpose_major_purchase,loan_purpose_medical,loan_purpose_moving,loan_purpose_other,loan_purpose_small_business,loan_purpose_vacation,application_type_joint,verification_income_joint_Not Verified,verification_income_joint_Source Verified,verification_income_joint_Verified,initial_listing_status_whole,disbursement_method_DirectPay
10.0,210000.0,9.53,0.0,0.0,0,999.0,2003,2,18,7,322046,73705,0,0,999.0,0,0,4,6,2.0,7,0.0,0,2,17500,6,2,2,5,100.0,0,0,5000,36,26.77,203.51,5,0,0,0,0,0.023809523809523808,False,False,False,True,False,False,False,False,False,True,False,False,False,False,False,False,False,False,False,False
1.0,83000.0,18.44,0.0,0.0,3,14.0,2005,1,11,6,555154,39482,0,0,22.0,0,0,1,1,8.0,6,0.0,0,3,8300,7,4,3,2,63.6,0,0,20000,60,15.05,476.33,3,0,0,1,1,0.24096385542168675,False,False,True,False,False,True,False,False,False,False,False,False,False,False,False,False,False,False,True,False
10.0,140000.0,13.82,0.0,0.0,0,999.0,1993,2,21,12,631258,69647,0,0,999.0,0,0,2,5,0.0,12,0.0,0,1,58100,13,9,3,2,100.0,0,0,15000,60,9.93,318.19,2,0,0,0,0,0.10714285714285714,False,False,False,False,False,True,False,False,False,False,False,False,False,False,False,False,False,False,True,False
1.0,70000.0,0.0,0.0,0.0,0,31.0,2004,0,13,3,30400,92,0,0,999.0,0,0,0,0,999.0,3,0.0,0,0,0,11,3,1,0,92.3,0,0,2400,36,6.08,73.1,1,0,0,1,0,0.03428571428571429,True,False,True,False,False,False,False,False,False,False,False,False,True,False,False,False,False,False,True,False
10.0,70000.0,17.06,105000.0,13.27,0,102.0,1988,2,21,14,363649,29954,0,0,102.0,0,0,3,4,7.0,14,0.0,0,3,12900,15,10,7,2,95.2,0,0,24000,60,15.04,571.47,3,1,1,1,1,0.34285714285714286,False,False,False,True,False,False,False,False,False,False,False,False,False,False,True,False,False,True,True,False
2.0,44000.0,24.77,0.0,0.0,0,999.0,2011,8,16,9,56476,40706,0,0,999.0,0,167,3,7,3.0,9,0.0,0,2,9500,8,6,5,0,100.0,0,0,7200,36,14.08,246.36,3,0,0,0,0,0.16363636363636364,False,False,False,True,False,False,True,False,False,False,False,False,False,False,False,False,False,False,True,False
4.0,63000.0,15.3,0.0,0.0,0,78.0,2002,3,22,11,33048,20366,0,1,999.0,0,0,2,9,8.0,11,0.0,0,2,2300,14,9,8,0,100.0,0,1,10000,36,16.02,351.67,3,1,0,1,0,0.15873015873015872,False,False,True,False,False,True,False,False,False,False,False,False,False,False,False,False,False,False,True,False
10.0,40000.0,19.44,0.0,0.0,0,999.0,2000,1,26,13,38688,17445,0,1,999.0,0,148,2,10,5.0,13,0.0,0,2,11800,18,11,8,1,100.0,0,1,16000,60,25.82,477.35,5,0,0,0,0,0.4,False,False,False,True,False,True,False,False,False,False,False,False,False,False,False,False,False,False,True,False
3.0,51000.0,17.25,0.0,0.0,0,999.0,1994,1,12,8,52441,38608,0,1,999.0,0,0,2,7,6.0,8,0.0,0,4,20300,8,6,4,1,100.0,0,1,12000,36,15.05,416.28,3,0,0,0,0,0.23529411764705882,False,True,False,True,True,False,False,False,False,False,False,False,False,False,False,False,False,False,True,False
10.0,85000.0,26.49,0.0,0.0,0,999.0,1995,0,28,20,117100,53291,0,0,999.0,0,0,1,4,999.0,20,0.0,0,9,70400,24,19,10,1,100.0,0,0,25000,36,6.72,768.74,1,0,0,0,0,0.29411764705882354,True,False,False,False,True,False,False,False,False,False,False,False,False,False,False,False,False,False,True,False
10.0,318000.0,8.37,0.0,0.0,0,999.0,2002,9,8,7,125809,90942,0,1,999.0,0,0,4,3,7.0,7,0.0,0,2,7100,4,3,2,0,100.0,0,1,25000,60,19.03,648.93,4,0,0,0,0,0.07861635220125786,False,False,True,False,False,True,False,False,False,False,False,False,False,False,False,False,False,False,True,False
9.0,88000.0,13.04,0.0,0.0,0,58.0,1998,2,41,11,39353,24021,0,0,58.0,0,0,1,4,5.0,11,0.0,0,1,3000,31,10,4,1,100.0,0,0,10000,36,7.97,313.23,1,0,0,1,1,0.11363636363636363,False,True,True,False,False,True,False,False,False,False,False,False,False,False,False,False,False,False,True,False
1.0,69000.0,27.74,0.0,0.0,0,63.0,2008,5,23,16,95775,48638,0,0,999.0,0,0,4,11,1.0,16,0.0,0,6,26500,14,12,8,0,95.7,0,0,10000,36,19.42,368.69,4,0,0,1,0,0.14492753623188406,False,True,False,False,False,True,False,False,False,False,False,False,False,False,False,False,False,False,False,False
2.0,84000.0,7.57,0.0,0.0,0,999.0,2007,1,8,2,38401,35702,0,0,999.0,0,0,1,1,1.0,2,0.0,0,1,3000,6,1,1,0,100.0,0,0,35000,60,11.99,778.38,2,1,0,0,0,0.4166666666666667,False,True,False,True,False,False,False,True,False,False,False,False,False,False,False,False,False,False,True,False
10.0,85000.0,21.22,0.0,0.0,0,999.0,2005,3,19,7,66747,58091,0,0,74.0,0,0,2,3,0.0,7,0.0,0,4,11300,6,5,4,1,95.0,0,0,24000,60,19.42,628.14,4,1,0,0,1,0.2823529411764706,False,True,False,True,False,True,False,False,False,False,False,False,False,False,False,False,False,False,True,False
0.0,14400.0,3.83,0.0,0.0,0,999.0,2012,1,2,2,6300,2300,0,0,999.0,0,0,0,1,0.0,2,0.0,0,1,6300,2,2,1,0,100.0,0,0,5000,36,15.05,173.45,3,1,0,0,0,0.3472222222222222,False,True,False,True,False,False,False,False,True,False,False,False,False,False,False,False,False,False,True,False
10.0,130000.0,9.53,0.0,0.0,0,999.0,1972,0,32,10,333400,21579,0,0,999.0,0,0,1,1,999.0,10,0.0,0,1,46900,18,7,1,6,100.0,0,0,14000,36,6.08,426.42,1,0,0,0,0,0.1076923076923077,False,False,False,False,False,False,False,False,False,False,False,True,False,False,False,False,False,False,False,False
5.0,70000.0,3.82,0.0,0.0,0,999.0,1996,3,7,5,43000,12090,0,0,999.0,0,0,0,3,0.0,5,0.0,0,2,43000,6,5,2,0,100.0,0,0,7500,36,17.09,267.74,4,1,0,0,0,0.10714285714285714,False,True,False,False,False,True,False,False,False,False,False,False,False,False,False,False,False,False,True,False
0.0,55000.0,23.88,99000.0,21.68,0,999.0,2007,0,22,10,50324,34535,0,0,999.0,0,0,0,2,999.0,10,0.0,0,4,33600,10,7,5,0,95.0,0,0,20000,36,14.08,684.33,3,0,1,0,0,0.36363636363636365,False,False,False,False,False,True,False,False,False,False,False,False,False,False,True,True,False,False,True,False
10.0,60000.0,9.8,0.0,0.0,0,999.0,2007,3,31,12,401380,19836,0,0,999.0,0,0,0,6,4.0,12,0.0,0,7,34700,21,11,10,5,100.0,0,0,6000,36,6.72,184.5,1,1,0,0,0,0.1,False,False,True,False,False,True,False,False,False,False,False,False,False,False,False,False,False,False,True,True
9.0,22000.0,9.93,57000.0,9.58,0,999.0,1999,0,20,11,50500,5798,0,0,999.0,0,0,0,3,13.0,11,0.0,0,1,20900,20,11,3,0,100.0,0,0,5000,36,7.97,156.62,1,1,1,0,0,0.22727272727272727,False,True,True,False,False,False,False,False,False,True,False,False,False,False,True,False,True,False,True,False
10.0,20000.0,34.72,0.0,0.0,0,72.0,2003,0,14,7,57045,29717,0,1,72.0,0,0,4,3,18.0,7,0.0,0,1,22800,4,3,1,0,76.9,0,1,5000,36,6.72,153.75,1,0,0,1,1,0.25,True,False,True,False,True,False,False,False,False,False,False,False,False,False,False,False,False,False,True,False
10.0,68000.0,11.22,0.0,0.0,1,5.0,1997,5,34,10,324652,24577,0,0,999.0,0,822,2,7,7.0,10,0.0,0,3,20000,22,7,4,6,85.3,0,0,4000,36,9.93,128.94,2,0,0,1,0,0.058823529411764705,False,False,False,False,False,False,False,False,False,False,False,True,False,False,False,False,False,False,True,False
1.0,36000.0,4.87,0.0,0.0,0,32.0,2008,7,5,2,6250,1566,0,0,999.0,0,0,1,2,1.0,2,0.0,0,0,0,3,1,1,0,75.0,0,0,7000,36,20.0,260.15,4,1,0,1,0,0.19444444444444445,False,True,True,False,False,False,False,False,False,False,False,False,True,False,False,False,False,False,True,False
2.0,41000.0,41.51,121000.0,23.35,0,29.0,2001,3,31,10,110858,87186,0,0,999.0,0,0,3,4,9.0,10,0.0,0,2,6800,25,7,3,0,93.5,0,0,32000,60,21.45,873.83,4,1,1,1,0,0.7804878048780488,False,False,False,True,False,False,True,False,False,False,False,False,False,False,True,False,False,True,True,False
10.0,60000.0,16.12,0.0,0.0,0,999.0,2001,1,16,7,195174,32843,0,0,999.0,0,0,2,5,3.0,7,0.0,0,2,25200,6,4,2,5,100.0,0,0,10000,36,7.35,310.38,1,1,0,0,0,0.16666666666666666,False,False,True,False,False,True,False,False,False,False,False,False,False,False,False,False,False,False,True,False
10.0,85000.0,26.03,0.0,0.0,0,999.0,2003,1,33,9,233448,68818,0,0,999.0,0,0,3,4,9.0,9,0.0,0,4,41100,11,5,5,1,100.0,0,0,30000,36,7.97,939.68,1,0,0,0,0,0.35294117647058826,False,False,True,False,True,False,False,False,False,False,False,False,False,False,False,False,False,False,True,False
2.0,45000.0,8.29,0.0,0.0,0,41.0,2007,2,12,8,16100,8668,0,0,999.0,0,1140,1,4,4.0,8,0.0,0,3,5800,9,7,4,0,83.3,0,0,11000,36,12.61,368.58,3,0,0,1,0,0.24444444444444444,False,True,False,False,True,False,False,False,False,False,False,False,False,False,False,False,False,False,False,False
0.0,24000.0,4.4,0.0,0.0,0,999.0,2010,2,8,2,16750,11564,0,0,999.0,0,0,1,5,5.0,2,0.0,0,0,3500,7,1,0,0,100.0,0,0,6025,36,10.9,196.97,2,1,0,0,0,0.25104166666666666,False,True,True,False,False,False,False,False,False,False,True,False,False,False,False,False,False,False,True,False
8.0,80000.0,10.72,0.0,0.0,0,33.0,1998,2,20,8,29127,16679,0,0,33.0,0,0,2,7,7.0,8,0.0,0,4,10800,14,5,5,0,75.0,0,0,13000,60,21.85,357.94,4,0,0,1,1,0.1625,False,True,True,False,True,False,False,False,False,False,False,False,False,False,False,False,False,False,True,False
0.0,85000.0,13.0,0.0,0.0,0,999.0,2006,4,29,13,131847,69595,0,0,999.0,0,0,5,5,8.0,13,0.0,0,3,47800,15,7,3,2,100.0,0,0,24000,36,9.93,773.63,2,0,0,0,0,0.2823529411764706,False,False,False,False,False,True,False,False,False,False,False,False,False,False,False,False,False,False,True,False
7.0,60000.0,16.34,0.0,0.0,0,75.0,1997,1,17,9,49180,30630,0,1,75.0,0,0,1,8,4.0,8,0.0,0,3,14600,12,8,6,1,82.4,0,1,13500,60,14.08,314.69,3,0,0,1,1,0.225,False,True,False,True,False,True,False,False,False,False,False,False,False,False,False,False,False,False,True,False
1.0,170000.0,12.47,0.0,0.0,0,999.0,1999,0,10,3,66000,50211,0,0,999.0,0,0,1,1,17.0,3,0.0,0,1,26000,3,2,1,0,100.0,0,0,2000,36,15.05,69.38,3,0,0,0,0,0.011764705882352941,False,True,False,False,False,False,False,False,False,False,False,False,False,True,False,False,False,False,True,False
10.0,86000.0,14.26,0.0,0.0,1,13.0,1978,0,26,18,50849,33189,0,0,999.0,0,0,1,1,999.0,18,0.0,0,5,18900,21,15,12,1,96.2,0,0,21000,36,15.05,728.49,3,0,0,1,0,0.2441860465116279,False,True,True,False,True,False,False,False,False,False,False,False,False,False,False,False,False,False,True,False
4.0,65000.0,21.62,0.0,0.0,0,42.0,1999,5,29,12,208260,59248,0,0,75.0,0,0,2,9,6.0,12,0.0,0,1,7400,16,9,6,2,89.7,0,0,9500,36,10.42,308.42,2,0,0,1,1,0.14615384615384616,False,False,False,False,True,False,False,False,False,False,False,False,False,False,False,False,False,False,True,False
9.0,169880.0,20.61,0.0,0.0,0,42.0,1998,3,35,15,767814,93966,0,1,69.0,0,5743,4,9,0.0,15,0.0,0,1,5200,16,8,5,7,74.3,1,0,16000,36,16.02,562.68,3,1,0,1,1,0.09418412997409936,False,False,True,False,False,False,False,False,False,False,False,True,False,False,False,False,False,False,True,False
10.0,200000.0,16.96,0.0,0.0,0,999.0,1996,1,22,11,319271,162435,0,0,999.0,0,0,4,5,8.0,11,0.0,0,6,69900,11,6,6,2,100.0,0,0,30000,36,19.03,1100.14,4,0,0,0,0,0.15,False,False,True,False,False,True,False,False,False,False,False,False,False,False,False,False,False,False,False,False
10.0,64000.0,31.58,0.0,0.0,0,999.0,2002,0,15,11,90115,66688,0,0,999.0,0,0,2,3,17.0,11,0.0,0,6,17000,10,8,7,0,100.0,0,0,14000,60,17.09,348.62,4,1,0,0,0,0.21875,True,False,True,False,False,True,False,False,False,False,False,False,False,False,False,False,False,False,True,False
3.0,71500.0,20.98,0.0,0.0,0,999.0,2005,3,23,6,114482,100931,0,1,999.0,0,0,2,4,5.0,6,0.0,0,2,17000,4,4,2,0,100.0,1,0,16175,36,30.75,693.32,6,1,0,0,0,0.22622377622377624,False,True,False,True,False,True,False,False,False,False,False,False,False,False,False,False,False,False,True,False
10.0,68000.0,18.23,0.0,0.0,0,999.0,2007,1,10,5,70571,47811,0,1,999.0,0,0,3,3,1.0,5,0.0,0,1,4000,3,2,2,0,100.0,0,1,10000,60,18.06,254.27,4,1,0,0,0,0.14705882352941177,False,False,True,False,False,False,False,False,False,False,False,True,False,False,False,False,False,False,True,False
10.0,72000.0,23.47,0.0,0.0,0,31.0,1993,1,34,15,355336,59056,0,0,999.0,0,0,3,5,9.0,15,0.0,0,2,5000,15,10,10,5,97.1,0,0,4000,36,15.05,138.76,3,0,0,1,0,0.05555555555555555,False,False,False,True,False,False,False,False,False,False,False,True,False,False,False,False,False,False,True,False
0.0,64000.0,1.03,0.0,0.0,0,47.0,1981,0,15,6,9000,914,0,0,47.0,0,0,0,1,999.0,6,0.0,0,1,3000,14,6,2,1,86.7,0,0,23000,36,6.72,707.24,1,0,0,1,1,0.359375,False,True,True,False,False,False,False,False,False,False,False,True,False,False,False,False,False,False,True,False
4.0,130000.0,7.91,0.0,0.0,0,999.0,2006,1,35,19,380547,16799,0,1,999.0,0,0,1,7,5.0,19,0.0,0,6,65800,32,17,7,1,100.0,0,1,12000,60,9.92,254.5,2,0,0,0,0,0.09230769230769231,False,False,False,False,False,False,True,False,False,False,False,False,False,False,False,False,False,False,True,False
9.0,75000.0,20.7,0.0,0.0,0,999.0,2007,2,21,12,227878,68804,0,0,999.0,0,0,3,6,6.0,12,0.0,0,2,32000,9,8,3,4,100.0,0,0,10000,36,7.35,310.38,1,0,0,0,0,0.13333333333333333,False,False,False,False,True,False,False,False,False,False,False,False,False,False,False,False,False,False,True,False
0.0,150000.0,9.16,0.0,0.0,1,9.0,1987,2,27,10,835975,96806,0,0,9.0,0,0,1,3,5.0,10,0.0,0,3,44000,18,8,6,5,96.2,0,0,18000,60,9.44,377.51,2,0,0,1,1,0.12,True,False,True,False,False,False,False,False,False,False,False,True,False,False,False,False,False,False,True,False
10.0,90000.0,11.57,0.0,0.0,0,77.0,2010,0,13,8,38667,21543,0,1,999.0,0,0,4,6,999.0,8,0.0,0,2,7800,4,4,4,0,92.3,1,0,11000,60,16.02,267.62,3,0,0,1,0,0.12222222222222222,False,True,False,False,False,True,False,False,False,False,False,False,False,False,False,False,False,False,True,False
10.0,70000.0,10.97,91600.0,8.87,0,999.0,2003,1,30,10,560929,34417,0,0,999.0,0,0,1,7,7.0,10,0.0,0,3,44800,14,8,3,8,100.0,0,0,15000,60,13.59,345.85,3,0,1,0,0,0.21428571428571427,False,False,False,False,False,True,False,False,False,False,False,False,False,False,True,True,False,False,True,False
10.0,60000.0,33.53,0.0,0.0,0,999.0,2006,7,23,7,282033,106680,0,0,999.0,0,0,2,7,3.0,7,0.0,0,1,5600,6,4,4,3,100.0,0,0,7500,36,21.45,284.3,4,0,0,0,0,0.125,False,False,False,True,True,False,False,False,False,False,False,False,False,False,False,False,False,False,True,False
1.0,45000.0,13.71,0.0,0.0,0,999.0,2014,3,8,7,35854,10630,0,0,999.0,0,0,2,3,2.0,7,0.0,0,1,6100,3,3,2,1,100.0,0,0,28000,36,20.0,1040.59,4,1,0,0,0,0.6222222222222222,True,False,False,True,False,False,False,True,False,False,False,False,False,False,False,False,False,False,True,False
10.0,105000.0,17.3,0.0,0.0,1,14.0,2000,1,35,13,311303,66893,0,0,999.0,0,0,5,5,8.0,13,0.0,0,3,6800,17,7,5,3,100.0,0,0,10000,36,9.92,322.3,2,1,0,1,0,0.09523809523809523,False,False,True,False,False,True,False,False,False,False,False,False,False,False,False,False,False,False,True,False
10.0,140000.0,10.47,0.0,0.0,1,6.0,2002,2,23,15,534435,26373,0,0,71.0,0,0,2,9,1.0,15,0.0,0,4,9750,12,9,7,5,87.0,0,0,21000,36,9.93,676.93,2,1,0,1,1,0.15,False,False,False,True,False,True,False,False,False,False,False,False,False,False,False,False,False,False,False,False
1.0,320000.0,21.88,0.0,0.0,0,999.0,1995,5,29,17,373689,280414,0,0,999.0,0,0,9,10,0.0,17,0.0,0,6,43075,10,7,7,4,100.0,0,0,35000,60,26.3,1054.15,5,1,0,0,0,0.109375,False,False,True,False,False,True,False,False,False,False,False,False,False,False,False,False,False,False,True,False
4.0,71000.0,19.74,0.0,0.0,0,999.0,1992,1,22,15,343590,41527,0,0,999.0,0,0,2,4,6.0,15,0.0,0,2,32700,17,12,8,1,100.0,0,0,12000,36,5.32,361.38,1,0,0,0,0,0.16901408450704225,True,False,False,False,True,False,False,False,False,False,False,False,False,False,False,False,False,False,True,False
2.0,58000.0,25.32,121000.0,16.05,0,999.0,2013,3,11,10,61666,25974,0,0,999.0,0,115,4,4,1.0,10,0.0,0,4,19700,7,6,5,0,100.0,0,0,9600,36,15.05,333.03,3,1,1,0,0,0.16551724137931034,False,True,False,True,False,False,True,False,False,False,False,False,False,False,True,False,False,True,True,False
10.0,50000.0,29.67,0.0,0.0,0,999.0,1996,1,19,9,202502,37835,0,0,999.0,0,0,3,5,4.0,9,0.0,0,4,15600,11,5,5,2,100.0,0,0,6000,36,11.98,199.23,2,1,0,0,0,0.12,True,False,False,True,True,False,False,False,False,False,False,False,False,False,False,False,False,False,False,True
1.0,72100.0,30.78,0.0,0.0,1,23.0,2002,5,56,22,355726,129542,0,0,60.0,0,0,5,12,2.0,22,0.0,0,5,32600,28,16,9,2,94.4,0,0,12000,36,12.62,402.14,3,0,0,1,1,0.1664355062413315,False,False,False,False,True,False,False,False,False,False,False,False,False,False,False,False,False,False,False,True
10.0,62000.0,14.52,0.0,0.0,1,4.0,1998,3,28,5,41896,20133,0,0,999.0,0,0,2,2,3.0,5,0.0,0,0,5400,19,3,0,3,96.4,0,0,17000,60,13.59,391.96,3,0,0,1,0,0.27419354838709675,False,False,True,False,False,False,False,False,False,False,False,True,False,False,False,False,False,False,True,False
10.0,65000.0,26.43,0.0,0.0,0,999.0,1985,0,22,17,64750,34139,0,0,999.0,0,0,1,3,20.0,17,0.0,0,8,32600,18,16,13,0,100.0,0,0,30000,36,21.85,1143.39,4,1,0,0,0,0.46153846153846156,False,True,True,False,False,False,False,False,False,True,False,False,False,False,False,False,False,False,True,False
6.0,32800.0,29.09,0.0,0.0,0,999.0,2002,1,23,12,61741,26355,0,1,999.0,0,0,3,4,7.0,12,0.0,0,1,7000,17,9,7,1,100.0,0,1,3800,36,7.35,117.95,1,0,0,0,0,0.11585365853658537,False,True,False,False,False,True,False,False,False,False,False,False,False,False,False,False,False,False,True,False
0.0,130000.0,0.09,0.0,0.0,0,999.0,2004,0,4,2,3100,10,0,0,999.0,0,0,0,1,999.0,2,0.0,0,1,3100,3,2,1,0,100.0,0,0,10000,36,7.35,310.38,1,0,0,0,0,0.07692307692307693,False,True,True,False,False,False,False,False,False,False,False,True,False,False,False,False,False,False,True,False
5.0,40000.0,2.97,0.0,0.0,0,999.0,1999,2,10,3,156490,3908,0,0,999.0,0,148,0,1,0.0,3,0.0,0,2,8500,5,2,2,3,100.0,0,0,6000,36,10.42,194.79,2,0,0,0,0,0.15,False,False,False,True,False,False,False,False,False,False,False,True,False,False,False,False,False,False,True,False
2.0,51000.0,22.66,0.0,0.0,0,999.0,2000,2,23,21,104401,109072,0,0,999.0,0,0,15,3,3.0,21,0.0,0,2,9600,6,6,4,0,100.0,0,0,20000,36,17.47,717.75,4,0,0,0,0,0.39215686274509803,False,True,False,True,False,True,False,False,False,False,False,False,False,False,False,False,False,False,True,False
6.0,70000.0,39.43,130000.0,23.47,0,999.0,1987,1,21,18,405432,107379,0,0,999.0,0,0,1,3,12.0,18,0.0,0,14,55400,17,16,14,1,100.0,0,0,16000,60,17.09,398.42,4,0,1,0,0,0.22857142857142856,False,False,False,True,True,False,False,False,False,False,False,False,False,False,True,False,False,True,True,False
1.0,122000.0,24.59,0.0,0.0,0,24.0,2005,5,30,15,540105,143742,0,0,24.0,0,51,4,5,11.0,15,0.0,0,7,86000,12,10,7,1,96.7,0,0,28000,60,15.04,666.71,3,0,0,1,1,0.22950819672131148,False,False,True,False,False,False,False,False,False,False,False,False,True,False,False,False,False,False,True,False
10.0,63000.0,17.54,0.0,0.0,0,999.0,2004,2,12,6,43416,23143,0,1,81.0,0,0,1,1,6.0,6,0.0,0,3,15500,7,5,4,3,83.0,0,1,21500,60,11.99,478.15,2,1,0,0,1,0.3412698412698413,False,False,False,True,False,True,False,False,False,False,False,False,False,False,False,False,False,False,True,False
1.0,40000.0,26.19,0.0,0.0,0,29.0,1998,1,30,22,93437,81995,0,0,48.0,0,390,14,6,7.0,22,0.0,0,3,11100,13,8,5,0,90.0,0,0,3000,36,11.98,99.62,2,0,0,1,1,0.075,False,False,True,False,False,True,False,False,False,False,False,False,False,False,False,False,False,False,True,False
10.0,104000.0,13.39,0.0,0.0,0,999.0,2004,1,14,8,362735,51772,0,0,999.0,0,0,2,5,10.0,8,0.0,0,2,10500,7,5,5,1,100.0,0,0,35000,60,19.03,908.5,4,0,0,0,0,0.33653846153846156,False,False,True,False,False,True,False,False,False,False,False,False,False,False,False,False,False,False,True,False
10.0,209000.0,19.76,0.0,0.0,0,52.0,1999,2,39,18,803161,137382,0,0,999.0,0,0,4,7,8.0,18,0.0,0,6,45200,19,12,10,6,94.9,0,0,24000,60,11.99,533.75,2,0,0,1,0,0.11483253588516747,False,False,True,False,False,True,False,False,False,False,False,False,False,False,False,False,False,False,True,False
0.0,200000.0,8.41,0.0,0.0,1,10.0,1995,2,22,11,55577,41806,0,0,999.0,0,0,2,4,8.0,11,0.0,0,5,21700,10,9,8,2,95.2,0,0,17000,36,23.88,665.89,5,0,0,1,0,0.085,False,True,True,False,False,True,False,False,False,False,False,False,False,False,False,False,False,False,False,False
7.0,103000.0,6.58,0.0,0.0,0,71.0,1987,3,37,8,124900,27381,0,0,999.0,0,0,0,5,3.0,8,0.0,0,3,64700,26,8,5,0,97.2,0,0,30000,36,7.35,931.13,1,0,0,1,0,0.2912621359223301,False,True,True,False,False,False,False,False,False,False,False,True,False,False,False,False,False,False,True,False
4.0,150000.0,12.78,0.0,0.0,0,999.0,2004,2,27,11,417526,99141,0,0,999.0,0,0,3,10,5.0,11,0.0,0,2,32000,13,7,5,4,100.0,0,0,8000,36,9.43,256.01,2,0,0,0,0,0.05333333333333334,False,False,False,False,False,True,False,False,False,False,False,False,False,False,False,False,False,False,True,False
3.0,80000.0,0.38,0.0,0.0,0,999.0,2008,1,2,2,33400,27,0,0,999.0,0,0,0,1,1.0,2,0.0,0,1,33400,2,2,1,0,100.0,0,0,8000,36,16.02,281.34,3,1,0,0,0,0.1,False,True,True,False,False,False,False,False,False,False,False,True,False,False,False,False,False,False,False,False
4.0,38000.0,0.79,0.0,0.0,0,999.0,2003,1,7,3,79175,1564,0,0,999.0,0,0,0,2,2.0,3,0.0,0,1,3000,4,2,1,1,100.0,0,0,27000,60,14.08,629.37,3,0,0,0,0,0.7105263157894737,True,False,False,True,False,False,False,False,False,False,False,True,False,False,False,False,False,False,True,False
8.0,33000.0,2.36,0.0,0.0,0,999.0,2006,1,16,7,20800,1884,0,0,999.0,0,0,0,2,6.0,7,0.0,0,1,12000,10,7,1,0,100.0,0,0,4000,36,9.44,128.02,2,0,0,0,0,0.12121212121212122,False,True,True,False,False,True,False,False,False,False,False,False,False,False,False,False,False,False,True,False
1.0,31000.0,29.89,0.0,0.0,0,999.0,2008,0,7,7,65511,26745,0,0,999.0,0,0,1,2,999.0,7,0.0,0,4,42000,6,6,4,0,100.0,0,0,15000,36,24.85,595.21,5,0,0,0,0,0.4838709677419355,False,True,False,False,True,False,False,False,False,False,False,False,False,False,False,False,False,False,True,False
1.0,62400.0,12.76,0.0,0.0,0,999.0,2004,2,16,8,274471,11264,0,0,999.0,0,0,1,5,7.0,8,0.0,0,2,12500,8,6,2,2,100.0,0,0,1300,36,11.98,43.17,2,0,0,0,0,0.020833333333333332,False,False,False,False,False,False,True,False,False,False,False,False,False,False,False,False,False,False,True,False
1.0,62000.0,9.16,0.0,0.0,0,25.0,2006,1,47,25,235383,150759,0,0,999.0,0,198,13,6,4.0,25,0.0,0,3,12700,19,11,6,3,95.6,0,0,3000,36,7.96,93.96,1,1,0,1,0,0.04838709677419355,False,False,False,False,False,False,True,False,False,False,False,False,False,False,False,False,False,False,False,False
1.0,70000.0,33.55,0.0,0.0,0,999.0,2005,2,51,24,304002,48386,0,0,999.0,0,0,4,7,6.0,24,0.0,0,10,83100,31,19,15,3,100.0,0,0,28950,60,11.98,643.69,2,0,0,0,0,0.4135714285714286,False,False,False,True,False,True,False,False,False,False,False,False,False,False,False,False,False,False,True,False
3.0,45000.0,23.97,0.0,0.0,0,26.0,2010,5,44,13,65792,37431,0,0,26.0,0,0,3,17,7.0,13,0.0,0,2,10900,30,10,5,0,90.9,0,0,4500,36,15.05,156.11,3,0,0,1,1,0.1,False,True,True,False,False,False,False,False,False,False,False,False,False,True,False,False,False,False,True,False
10.0,45000.0,22.19,0.0,0.0,0,30.0,1993,1,38,22,128362,34325,0,0,999.0,0,0,1,6,9.0,22,0.0,0,8,107100,32,20,9,0,97.4,0,0,3500,36,15.05,121.42,3,0,0,1,0,0.07777777777777778,False,True,True,False,False,True,False,False,False,False,False,False,False,False,False,False,False,False,False,False
1.0,180000.0,0.17,0.0,0.0,1,23.0,2012,7,11,6,474200,415,0,0,999.0,0,0,0,2,2.0,6,0.0,0,1,52000,10,5,1,1,90.9,0,0,40000,36,7.35,1241.5,1,0,0,1,0,0.2222222222222222,False,False,True,False,False,False,False,False,True,False,False,False,False,False,False,False,False,False,True,False
1.0,55000.0,29.11,0.0,0.0,0,28.0,1990,0,40,18,199837,49130,0,0,999.0,0,0,2,4,13.0,18,0.0,0,4,44400,18,15,7,4,92.5,0,0,30000,60,12.62,676.78,3,0,0,1,0,0.5454545454545454,False,False,True,False,False,True,False,False,False,False,False,False,False,False,False,False,False,False,True,False
0.0,25000.0,6.72,0.0,0.0,0,72.0,2009,2,28,6,114005,3185,0,0,999.0,0,0,1,4,0.0,6,0.0,0,1,16900,6,3,1,2,96.4,0,0,8000,36,10.9,261.54,2,0,0,1,0,0.32,True,False,False,True,False,False,False,False,False,False,False,True,False,False,False,False,False,False,True,False
2.0,100000.0,25.65,0.0,0.0,2,12.0,1986,2,44,28,120282,87429,0,0,999.0,0,0,3,2,7.0,28,0.0,0,4,8300,32,24,15,0,81.8,0,0,35000,36,16.02,1230.85,3,1,0,1,0,0.35,False,True,False,True,False,False,False,False,False,True,False,False,False,False,False,False,False,False,True,False
10.0,95000.0,27.22,140000.0,20.63,1,4.0,2004,0,45,23,332270,112694,0,1,999.0,0,0,9,3,15.0,23,0.0,0,6,41800,26,13,7,4,97.8,1,0,25000,36,9.93,805.86,2,0,1,1,0,0.2631578947368421,False,False,False,False,False,True,False,False,False,False,False,False,False,False,True,True,False,False,False,False
2.0,23500.0,20.4,0.0,0.0,0,999.0,2009,1,11,7,59751,28169,0,0,999.0,0,0,3,2,8.0,7,0.0,0,2,34900,4,4,2,0,100.0,0,0,12000,36,7.34,372.4,1,0,0,0,0,0.5106382978723404,False,True,True,False,False,True,False,False,False,False,False,False,False,False,False,False,False,False,True,False
10.0,68000.0,24.6,0.0,0.0,0,999.0,2007,10,22,10,307329,79188,0,0,999.0,0,0,3,6,4.0,10,0.0,0,5,53200,10,6,6,2,100.0,0,0,8000,36,7.96,250.55,1,0,0,0,0,0.11764705882352941,False,False,False,True,False,True,False,False,False,False,False,False,False,False,False,False,False,False,True,False
0.0,84676.0,26.31,0.0,0.0,0,999.0,2002,2,32,13,236253,110717,0,0,999.0,0,0,5,6,1.0,13,0.0,0,1,10000,12,7,5,3,100.0,0,0,30000,60,26.77,911.95,5,1,0,0,0,0.35429165288865794,False,False,False,True,False,True,False,False,False,False,False,False,False,False,False,False,False,False,True,False
5.0,54902.0,22.47,0.0,0.0,1,13.0,2005,3,46,9,205156,139223,0,1,999.0,0,0,6,3,0.0,9,0.0,0,1,2400,3,1,1,2,93.5,0,1,8000,36,13.58,271.8,3,0,0,1,0,0.1457141816327274,False,False,True,False,False,True,False,False,False,False,False,False,False,False,False,False,False,False,False,False
10.0,53527.6,10.47,0.0,0.0,0,999.0,2000,0,8,6,17600,17160,0,0,999.0,0,0,0,1,999.0,6,0.0,0,5,12600,6,6,6,1,100.0,0,0,30000,36,18.06,1085.48,4,0,0,0,0,0.5604585298051846,False,True,False,True,False,True,False,False,False,False,False,False,False,False,False,False,False,False,False,False
10.0,37840.0,26.86,0.0,0.0,0,67.0,2007,6,13,8,64872,43862,0,0,999.0,0,0,2,6,2.0,8,0.0,0,2,16600,9,6,3,0,92.3,0,0,10000,60,23.88,286.99,5,0,0,1,0,0.2642706131078224,True,False,False,False,True,False,False,False,False,False,False,False,False,False,False,False,False,False,True,False
2.0,60000.0,25.28,0.0,0.0,0,52.0,2003,0,27,12,197061,54661,0,0,52.0,0,0,4,2,21.0,12,0.0,0,4,29100,14,7,6,4,96.3,0,0,20000,60,28.72,631.44,6,1,0,1,1,0.3333333333333333,True,False,False,True,True,False,False,False,False,False,False,False,False,False,False,False,False,False,True,False
2.0,29000.0,1.16,0.0,0.0,0,999.0,2008,0,11,7,14500,981,0,0,999.0,0,1844,0,3,999.0,7,0.0,0,1,11000,7,7,1,0,100.0,0,0,12000,36,10.91,392.36,2,0,0,0,0,0.41379310344827586,True,False,False,True,False,True,False,False,False,False,False,False,False,False,False,False,False,False,True,False
1.0,145000.0,23.26,0.0,0.0,0,999.0,2003,1,11,7,423921,104566,0,0,999.0,0,0,3,3,9.0,7,0.0,0,2,23500,3,3,3,2,100.0,0,0,35000,60,17.47,878.71,4,0,0,0,0,0.2413793103448276,False,False,False,True,False,False,False,True,False,False,False,False,False,False,False,False,False,False,True,False
10.0,44000.0,13.75,0.0,0.0,0,43.0,2003,2,17,9,77353,20197,0,0,999.0,0,0,1,7,0.0,9,0.0,0,2,21400,9,7,5,2,94.1,0,0,11500,60,12.61,259.38,3,0,0,1,0,0.26136363636363635,False,False,True,False,False,True,False,False,False,False,False,False,False,False,False,False,False,False,True,False
1.0,52000.0,13.71,0.0,0.0,0,999.0,2007,4,18,9,60823,22077,0,0,999.0,0,0,1,12,0.0,9,0.0,0,5,40800,12,8,5,0,100.0,0,0,10000,36,12.62,335.12,3,1,0,0,0,0.19230769230769232,True,False,False,True,False,True,False,False,False,False,False,False,False,False,False,False,False,False,True,False
4.0,92000.0,24.99,0.0,0.0,0,999.0,2001,4,27,6,142546,96275,0,0,999.0,0,0,4,3,5.0,6,0.0,0,1,27000,16,2,1,0,100.0,0,0,25450,36,7.97,797.16,1,0,0,0,0,0.2766304347826087,False,True,False,False,False,True,False,False,False,False,False,False,False,False,False,False,False,False,True,False
3.0,78000.0,10.86,0.0,0.0,0,84.0,1998,5,45,16,97477,89055,0,0,999.0,0,0,7,3,12.0,16,0.0,0,4,28000,25,9,7,0,95.5,0,0,6025,36,15.05,209.01,3,0,0,1,0,0.07724358974358975,False,False,False,False,True,False,False,False,False,False,False,False,False,False,False,False,False,False,True,False
10.0,43000.0,11.11,0.0,0.0,0,999.0,1998,1,18,9,98593,20722,0,0,999.0,0,0,1,5,8.0,9,0.0,0,2,13600,6,6,4,2,100.0,0,0,6400,36,14.07,218.96,3,0,0,0,0,0.14883720930232558,False,False,False,False,False,True,False,False,False,False,False,False,False,False,False,False,False,False,True,False
8.0,120000.0,16.9,0.0,0.0,0,999.0,2004,1,18,7,58389,41775,0,0,999.0,0,0,3,3,5.0,7,0.0,0,2,8500,6,4,4,0,100.0,0,0,15000,36,17.09,535.47,4,0,0,0,0,0.125,False,True,True,False,False,False,False,False,False,False,False,True,False,False,False,False,False,False,True,False
6.0,38000.0,11.28,0.0,0.0,0,999.0,2009,0,7,6,18414,10959,0,0,999.0,0,0,1,6,20.0,6,0.0,0,2,2000,5,5,4,0,100.0,0,0,3000,36,13.59,101.94,3,0,0,0,0,0.07894736842105263,False,True,False,True,False,True,False,False,False,False,False,False,False,False,False,False,False,False,True,False
10.0,92500.0,9.8,0.0,0.0,0,33.0,1986,4,29,8,50815,25438,0,1,62.0,0,0,1,3,2.0,8,0.0,0,4,19000,22,7,5,2,66.0,0,1,35000,60,25.81,1043.99,5,0,0,1,1,0.3783783783783784,False,False,False,True,False,True,False,False,False,False,False,False,False,False,False,False,False,False,True,False
10.0,64000.0,21.85,0.0,0.0,0,999.0,1992,1,32,12,57059,39327,0,1,81.0,0,0,2,6,2.0,12,0.0,0,6,26310,25,10,7,0,97.0,0,1,15000,60,11.99,333.6,2,1,0,0,1,0.234375,False,False,True,False,False,False,True,False,False,False,False,False,False,False,False,False,False,False,True,False
10.0,85000.0,18.92,335000.0,7.18,2,9.0,1991,1,21,7,524299,36949,0,0,9.0,0,0,1,2,12.0,7,0.0,0,2,18300,14,5,3,2,90.5,0,0,12000,36,10.42,389.58,2,0,1,1,1,0.1411764705882353,False,False,True,False,False,True,False,False,False,False,False,False,False,False,True,False,True,False,False,False
3.0,60000.0,24.66,0.0,0.0,0,999.0,2002,0,18,9,226131,67509,0,1,999.0,0,0,3,2,15.0,9,0.0,0,4,13500,6,5,5,1,100.0,0,1,13000,36,7.34,403.43,1,0,0,0,0,0.21666666666666667,False,True,True,False,True,False,False,False,False,False,False,False,False,False,False,False,False,False,True,True
10.0,100000.0,17.1,204000.0,28.2,0,38.0,2004,2,21,13,106047,81208,0,0,38.0,0,0,6,12,8.0,13,0.0,0,5,29800,9,7,6,0,90.0,0,0,12000,36,21.85,457.36,4,1,1,1,1,0.12,False,True,True,False,False,True,False,False,False,False,False,False,False,False,True,False,True,False,True,False
0.0,90500.0,25.13,0.0,0.0,0,999.0,2007,1,32,18,203921,194908,0,0,999.0,0,0,15,4,7.0,18,0.0,0,3,12300,5,3,3,0,100.0,0,0,17000,36,7.35,527.64,1,0,0,0,0,0.1878453038674033,False,True,False,False,True,False,False,False,False,False,False,False,False,False,False,False,False,False,True,False
0.0,85000.0,8.97,0.0,0.0,0,24.0,2003,1,19,6,295831,16476,0,0,24.0,0,0,1,3,9.0,6,0.0,0,1,7500,9,3,3,5,78.9,0,0,12000,36,13.58,407.69,3,1,0,1,1,0.1411764705882353,True,False,True,False,False,True,False,False,False,False,False,False,False,False,False,False,False,False,True,True
10.0,133000.0,20.86,0.0,0.0,0,999.0,2006,4,26,9,369146,102943,0,0,999.0,0,0,3,4,3.0,9,0.0,0,0,7200,13,4,0,2,100.0,0,0,32000,60,15.05,762.12,3,0,0,0,0,0.24060150375939848,False,False,True,False,False,False,False,False,False,False,False,True,False,False,False,False,False,False,True,False
10.0,36433.0,26.93,0.0,0.0,0,999.0,2004,0,19,10,46780,22379,0,0,999.0,0,0,1,5,19.0,10,0.0,0,0,9500,16,8,1,0,100.0,0,0,6000,36,7.35,186.23,1,0,0,0,0,0.16468586171877145,False,True,True,False,False,True,False,False,False,False,False,False,False,False,False,False,False,False,True,False
10.0,20000.0,11.28,340000.0,11.62,0,999.0,2009,2,9,5,38700,8161,0,1,999.0,0,0,0,1,0.0,5,0.0,0,1,35500,6,5,2,0,100.0,0,1,15000,36,11.99,498.15,2,1,1,0,0,0.75,False,False,False,False,False,True,False,False,False,False,False,False,False,False,True,True,False,False,True,False
1.0,80000.0,9.29,0.0,0.0,0,999.0,2004,0,11,5,22600,19502,0,0,999.0,0,0,0,0,999.0,5,0.0,0,4,21600,7,5,4,0,100.0,0,0,25000,36,18.45,909.47,4,0,0,0,0,0.3125,True,False,True,False,False,True,False,False,False,False,False,False,False,False,False,False,False,False,True,False
10.0,38000.0,11.5,0.0,0.0,0,999.0,2006,9,21,9,16600,4447,0,1,999.0,0,244,1,5,1.0,9,0.0,0,1,9400,8,6,1,0,100.0,0,1,2000,36,13.59,67.96,3,0,0,0,0,0.05263157894736842,False,True,True,False,False,False,False,False,False,False,False,True,False,False,False,False,False,False,True,False
10.0,108000.0,28.65,0.0,0.0,0,999.0,1999,4,49,14,369729,110667,0,0,999.0,0,0,3,5,0.0,14,0.0,0,7,69800,14,9,7,1,100.0,0,0,35725,36,10.91,1168.07,2,0,0,0,0,0.33078703703703705,False,False,False,True,False,True,False,False,False,False,False,False,False,False,False,False,False,False,False,False
10.0,25000.0,8.68,0.0,0.0,0,999.0,2005,0,8,7,25500,8146,0,0,999.0,0,0,0,3,999.0,7,0.0,0,5,25500,8,7,5,0,100.0,0,0,14000,60,11.98,311.29,2,1,0,0,0,0.56,False,True,True,False,False,False,False,False,False,False,False,True,False,False,False,False,False,False,True,False
2.0,62000.0,24.46,0.0,0.0,0,35.0,2008,1,44,16,306048,283750,0,0,35.0,0,0,2,2,2.0,16,0.0,0,4,19500,19,14,8,0,100.0,0,0,13600,36,19.03,498.73,4,1,0,1,1,0.21935483870967742,False,True,False,False,False,True,False,False,False,False,False,False,False,False,False,False,False,False,False,False
4.0,35000.0,0.86,0.0,0.0,0,64.0,2010,1,18,13,29480,30333,0,0,64.0,0,494,12,8,8.0,13,0.0,0,0,0,2,1,1,0,94.4,0,0,3000,36,19.03,110.02,4,1,0,1,1,0.08571428571428572,False,True,False,True,False,False,False,False,False,False,False,True,False,False,False,False,False,False,False,False
3.0,58000.0,21.19,0.0,0.0,1,7.0,2002,0,46,25,118674,101390,0,0,999.0,0,0,17,4,999.0,25,0.0,0,4,39400,12,8,4,0,95.1,0,0,12000,60,26.3,361.42,5,0,0,1,0,0.20689655172413793,False,True,True,False,False,True,False,False,False,False,False,False,False,False,False,False,False,False,False,False
3.0,172000.0,4.35,0.0,0.0,0,999.0,2003,2,20,11,57023,27040,0,1,999.0,0,0,3,2,2.0,11,0.0,0,2,15900,12,8,6,0,100.0,0,1,15000,60,20.0,397.41,4,1,0,0,0,0.0872093023255814,False,True,False,False,False,True,False,False,False,False,False,False,False,False,False,False,False,False,True,False
8.0,280000.0,7.35,0.0,0.0,0,999.0,2000,2,30,12,836703,33648,0,0,999.0,0,0,1,4,11.0,12,0.0,0,1,131800,18,9,2,1,100.0,0,0,40000,36,5.31,1204.42,1,0,0,0,0,0.14285714285714285,False,False,True,False,False,False,False,False,False,True,False,False,False,False,False,False,False,False,False,False
5.0,74000.0,12.84,0.0,0.0,0,999.0,2007,3,24,11,266678,69397,0,1,999.0,0,0,2,8,5.0,11,0.0,0,2,6300,9,7,5,1,100.0,0,1,20000,60,26.77,607.97,5,0,0,0,0,0.2702702702702703,True,False,False,True,False,True,False,False,False,False,False,False,False,False,False,False,False,False,True,False
6.0,63500.0,1.08,0.0,0.0,0,999.0,2007,0,11,3,6800,4941,0,0,999.0,0,179,1,0,14.0,3,0.0,0,0,1300,7,2,0,1,90.9,0,0,2500,36,11.98,83.02,2,0,0,0,0,0.03937007874015748,False,True,True,False,False,True,False,False,False,False,False,False,False,False,False,False,False,False,False,False
10.0,105000.0,32.69,0.0,0.0,0,47.0,2001,2,26,18,429542,99071,0,0,47.0,0,0,5,6,4.0,18,0.0,0,11,49400,16,12,11,3,80.8,0,0,25000,60,30.79,821.01,7,0,0,1,1,0.23809523809523808,False,False,False,True,False,True,False,False,False,False,False,False,False,False,False,False,False,False,True,False
10.0,50000.0,2.38,109800.0,19.28,0,999.0,2002,3,13,5,172009,5860,0,0,999.0,0,0,1,4,6.0,5,0.0,0,1,10000,7,3,1,1,100.0,0,0,40000,60,13.58,922.05,3,0,1,0,0,0.8,False,False,False,True,False,True,False,False,False,False,False,False,False,False,True,False,False,True,True,False
2.0,40000.0,29.67,0.0,0.0,1,4.0,2011,3,19,12,228393,29858,0,0,999.0,0,0,2,5,4.0,12,0.0,0,3,19800,12,9,5,2,94.7,0,0,6500,36,15.05,225.49,3,0,0,1,0,0.1625,False,False,False,True,False,False,False,False,False,False,False,False,False,True,False,False,False,False,False,False
10.0,58000.0,13.64,113000.0,8.98,0,999.0,2013,0,7,5,40240,23016,0,1,999.0,0,713,1,0,999.0,5,0.0,0,1,1900,4,4,4,0,100.0,0,1,5000,36,7.34,155.17,1,0,1,0,0,0.08620689655172414,False,True,True,False,False,False,False,False,False,False,False,True,False,False,True,False,True,False,True,False
7.0,27000.0,23.87,0.0,0.0,0,999.0,2005,0,27,17,42183,25237,0,0,999.0,0,0,11,0,999.0,17,0.0,0,3,10100,13,6,3,0,100.0,0,0,7200,36,13.59,244.65,3,0,0,0,0,0.26666666666666666,True,False,False,False,False,True,False,False,False,False,False,False,False,False,False,False,False,False,True,False
3.0,36000.0,26.73,0.0,0.0,2,18.0,2007,3,45,23,69394,27411,0,0,63.0,0,0,3,16,2.0,23,0.0,0,2,27200,25,19,4,0,91.1,0,0,20700,60,26.77,629.24,5,1,0,1,1,0.575,False,True,False,True,False,True,False,False,False,False,False,False,False,False,False,False,False,False,False,False
0.0,180000.0,12.03,0.0,0.0,0,999.0,1996,3,55,23,413060,93495,0,1,999.0,0,0,13,14,4.0,23,0.0,0,5,37500,17,9,7,1,100.0,0,1,10000,36,19.03,366.72,4,1,0,0,0,0.05555555555555555,False,False,True,False,False,True,False,False,False,False,False,False,False,False,False,False,False,False,False,False
10.0,48000.0,8.98,0.0,0.0,1,13.0,1996,2,37,9,27634,11004,0,0,999.0,0,405,3,4,2.0,9,0.0,0,2,8000,28,5,2,1,89.2,0,0,18000,36,20.0,668.95,4,0,0,1,0,0.375,False,True,True,False,False,True,False,False,False,False,False,False,False,False,False,False,False,False,False,False
10.0,89000.0,18.42,0.0,0.0,0,999.0,2002,3,23,12,73486,47743,0,0,999.0,0,0,4,14,1.0,12,0.0,0,3,8500,11,8,4,1,100.0,0,0,40000,60,15.05,952.65,3,0,0,0,0,0.449438202247191,False,False,True,False,False,True,False,False,False,False,False,False,False,False,False,False,False,False,True,False
3.0,281125.0,7.15,0.0,0.0,0,999.0,1979,0,26,11,1627460,98339,0,0,999.0,0,156,2,4,15.0,11,0.0,0,5,148000,14,8,5,1,100.0,0,0,35000,36,6.72,1076.23,1,0,0,0,0,0.12449977767896843,True,False,False,True,True,False,False,False,False,False,False,False,False,False,False,False,False,False,False,False
0.0,80000.0,27.86,0.0,0.0,0,999.0,1985,7,23,8,124667,109716,0,0,999.0,0,0,3,4,0.0,8,0.0,0,4,13900,7,5,5,0,100.0,0,0,13200,60,23.88,378.82,5,0,0,0,0,0.165,False,True,False,True,False,True,False,False,False,False,False,False,False,False,False,False,False,False,True,False
9.0,87120.0,17.48,0.0,0.0,0,43.0,2002,1,10,5,109400,58817,0,0,43.0,0,0,2,2,0.0,5,0.0,0,2,20000,6,3,2,0,70.0,0,0,30000,60,15.05,714.49,3,0,0,1,1,0.3443526170798898,False,False,True,False,False,True,False,False,False,False,False,False,False,False,False,False,False,False,True,False
10.0,56000.0,15.71,0.0,0.0,0,35.0,2006,0,16,9,26598,19444,0,1,999.0,0,0,1,2,13.0,9,0.0,0,3,8800,13,8,5,0,100.0,0,1,3000,36,20.0,111.5,4,0,0,1,0,0.05357142857142857,False,True,False,False,False,False,False,False,False,False,False,True,False,False,False,False,False,False,False,False
8.0,50000.0,2.5,90000.0,5.96,0,999.0,2013,0,4,2,6000,3650,0,0,999.0,0,0,0,1,19.0,2,0.0,0,2,6000,2,2,2,0,100.0,0,0,18000,60,17.47,451.91,4,1,1,0,0,0.36,False,True,True,False,False,True,False,False,False,False,False,False,False,False,True,False,True,False,True,False
8.0,20000.0,9.3,0.0,0.0,0,999.0,2002,2,11,3,16500,6796,0,0,999.0,0,0,0,1,0.0,3,0.0,0,2,16500,6,3,2,0,100.0,0,0,15000,36,11.99,498.15,2,1,0,0,0,0.75,False,True,False,False,False,False,False,False,True,False,False,False,False,False,False,False,False,False,False,False
6.0,37020.0,10.24,0.0,0.0,0,999.0,2006,3,17,9,37900,9181,0,0,999.0,0,0,1,3,4.0,9,0.0,0,4,17300,12,8,6,2,100.0,0,0,3600,36,10.91,117.71,2,0,0,0,0,0.09724473257698542,False,False,False,False,False,False,False,False,False,False,False,False,False,False,False,False,False,False,True,False
10.0,48000.0,15.25,0.0,0.0,0,999.0,2006,3,6,5,20594,15632,0,0,999.0,0,0,2,3,3.0,5,0.0,0,3,3600,4,3,3,0,100.0,0,0,15000,60,28.72,473.58,6,1,0,0,0,0.3125,False,True,True,False,False,False,False,False,False,False,False,True,False,False,False,False,False,False,True,False
1.0,50000.0,18.07,0.0,0.0,0,999.0,2012,1,20,10,81361,40609,0,0,999.0,0,0,1,7,11.0,10,0.0,0,8,52100,16,9,8,0,100.0,0,0,20000,36,9.44,640.1,2,0,0,0,0,0.4,False,True,False,False,False,True,False,False,False,False,False,False,False,False,False,False,False,False,False,False
6.0,50000.0,59.68,170000.0,39.79,2,22.0,1984,0,39,21,329268,86113,0,0,999.0,0,0,1,2,16.0,21,0.0,0,5,73000,30,19,8,3,94.9,0,0,15000,36,13.59,509.69,3,0,1,1,0,0.3,False,False,False,True,False,True,False,False,False,False,False,False,False,False,True,False,False,True,True,False
1.0,200000.0,11.04,0.0,0.0,0,999.0,2010,5,12,10,127412,74590,0,0,999.0,0,0,2,6,6.0,10,0.0,0,4,40500,8,8,7,1,100.0,0,0,30000,60,15.04,714.33,3,0,0,0,0,0.15,False,True,True,False,False,False,False,False,True,False,False,False,False,False,False,False,False,False,True,False
6.0,56000.0,25.7,121000.0,13.15,0,999.0,1984,14,61,12,403029,63493,0,1,999.0,0,0,2,9,2.0,12,0.0,0,3,7700,21,8,5,4,100.0,0,1,14000,36,9.44,448.07,2,0,1,0,0,0.25,False,False,True,False,False,False,True,False,False,False,False,False,False,False,True,False,True,False,True,False
10.0,95000.0,17.69,0.0,0.0,0,999.0,2007,4,34,12,153376,85445,0,0,999.0,0,0,3,7,1.0,12,0.0,0,2,64300,17,9,3,1,100.0,0,0,3500,36,6.08,106.61,1,0,0,0,0,0.03684210526315789,True,False,False,False,False,False,False,False,False,False,False,False,False,False,False,False,False,False,True,False
3.0,135000.0,20.24,0.0,0.0,0,38.0,2001,3,59,10,389217,204932,0,0,69.0,0,0,3,9,5.0,10,0.0,0,1,2000,17,5,1,4,94.7,0,0,16000,60,14.08,372.96,3,0,0,1,1,0.11851851851851852,False,False,False,True,False,False,False,False,False,True,False,False,False,False,False,False,False,False,True,False
10.0,155000.0,2.01,0.0,0.0,0,999.0,2000,2,33,17,544500,22747,0,0,999.0,0,0,0,2,2.0,17,0.0,0,2,168800,23,15,2,4,100.0,0,0,40000,36,6.08,1218.33,1,0,0,0,0,0.25806451612903225,False,False,True,False,False,False,False,True,False,False,False,False,False,False,False,False,False,False,True,False
2.0,52000.0,9.55,0.0,0.0,0,26.0,2012,1,15,10,36949,15406,0,0,999.0,0,217,1,4,10.0,10,0.0,0,4,23900,14,9,4,0,93.3,0,0,23625,36,21.45,895.55,4,0,0,1,0,0.4543269230769231,False,True,False,True,False,True,False,False,False,False,False,False,False,False,False,False,False,False,True,False
6.0,46000.0,18.18,0.0,0.0,1,6.0,2005,0,21,10,45200,14718,0,0,999.0,0,0,2,3,16.0,10,0.0,0,3,19700,18,8,7,1,95.2,0,0,9000,36,12.61,301.56,3,0,0,1,0,0.1956521739130435,False,False,False,False,False,True,False,False,False,False,False,False,False,False,False,False,False,False,False,False
6.0,82000.0,6.2,0.0,0.0,0,48.0,1982,3,24,12,19522,14910,0,1,999.0,0,107,2,7,4.0,12,0.0,0,5,11800,15,8,6,1,95.7,0,1,24000,60,20.0,635.86,4,0,0,1,0,0.2926829268292683,False,True,True,False,False,True,False,False,False,False,False,False,False,False,False,False,False,False,True,False
3.0,50000.0,13.79,0.0,0.0,0,999.0,2013,3,15,13,220796,17446,0,0,999.0,0,0,1,6,9.0,13,0.0,0,4,6300,12,11,6,1,100.0,0,0,5000,36,10.91,163.49,2,0,0,0,0,0.1,False,False,False,True,False,True,False,False,False,False,False,False,False,False,False,False,False,False,False,False
10.0,68000.0,16.11,0.0,0.0,0,57.0,2004,0,16,4,96017,75964,0,0,999.0,0,0,3,2,999.0,4,0.0,0,0,0,6,1,0,1,87.5,0,0,10000,60,11.98,222.35,2,0,0,1,0,0.14705882352941177,False,True,True,False,False,False,False,False,False,False,False,True,False,False,False,False,False,False,True,False
10.0,105000.0,14.96,0.0,0.0,2,4.0,2000,4,37,19,231470,28858,0,0,74.0,0,1799,2,6,3.0,19,0.0,0,10,36128,29,16,14,2,89.0,0,0,35000,36,18.06,1266.39,4,1,0,1,1,0.3333333333333333,True,False,True,False,False,False,True,False,False,False,False,False,False,False,False,False,False,False,False,False
10.0,55000.0,28.5,0.0,0.0,0,999.0,2005,1,33,4,77024,51682,0,0,999.0,0,0,3,6,5.0,4,0.0,0,0,15000,8,1,0,0,100.0,0,0,24875,60,24.85,727.93,5,0,0,0,0,0.45227272727272727,False,True,False,True,False,False,False,False,False,False,False,True,False,False,False,False,False,False,True,False
10.0,50000.0,59.29,118000.0,33.85,0,999.0,1990,0,35,21,375828,87934,0,0,999.0,0,0,6,3,14.0,21,0.0,0,8,51300,17,13,11,2,100.0,0,0,40000,60,20.0,1059.76,4,0,1,0,0,0.8,False,False,False,True,False,True,False,False,False,False,False,False,False,False,True,False,False,True,True,False
10.0,45000.0,14.37,0.0,0.0,4,12.0,2003,2,41,13,42538,29513,0,0,12.0,0,0,1,4,5.0,13,0.0,0,2,4400,24,12,8,2,77.8,0,0,3000,36,16.01,105.49,3,0,0,1,1,0.06666666666666667,False,True,False,False,False,True,False,False,False,False,False,False,False,False,False,False,False,False,True,False
4.0,40825.0,6.7,0.0,0.0,0,30.0,2010,7,20,7,267513,7705,0,0,999.0,0,0,0,7,3.0,7,0.0,0,2,16100,10,6,2,5,95.0,0,0,15000,60,20.0,397.41,4,0,0,1,0,0.3674219228413962,False,False,False,True,False,True,False,False,False,False,False,False,False,False,False,False,False,False,True,False
7.0,60000.0,26.0,0.0,0.0,0,999.0,1997,7,40,16,80053,48604,0,0,999.0,0,0,5,8,3.0,16,0.0,0,3,7900,11,11,7,1,100.0,0,0,8000,36,21.45,303.26,4,0,0,0,0,0.13333333333333333,False,False,True,False,False,False,False,False,False,False,False,True,False,False,False,False,False,False,True,False
0.0,39000.0,1.29,0.0,0.0,0,999.0,2006,5,10,5,88128,1407,0,0,999.0,0,0,0,6,2.0,5,0.0,0,2,5300,9,4,2,1,100.0,0,0,5000,36,16.01,175.81,3,0,0,0,0,0.1282051282051282,False,False,False,True,False,True,False,False,False,False,False,False,False,False,False,False,False,False,False,False
10.0,48000.0,26.4,0.0,0.0,0,999.0,2012,0,12,7,59731,41867,0,1,999.0,0,0,1,6,17.0,7,0.0,0,3,19200,6,6,4,0,100.0,0,1,10000,36,12.62,335.12,3,0,0,0,0,0.20833333333333334,True,False,True,False,True,False,False,False,False,False,False,False,False,False,False,False,False,False,False,False
5.0,120000.0,12.99,0.0,0.0,0,999.0,2009,8,40,16,298232,105006,0,0,999.0,0,0,9,6,3.0,16,0.0,0,1,9000,10,6,4,1,100.0,0,0,6750,36,7.96,211.4,1,0,0,0,0,0.05625,False,False,False,False,True,False,False,False,False,False,False,False,False,False,False,False,False,False,False,False
4.0,74000.0,23.81,0.0,0.0,0,999.0,2002,4,28,20,250955,51811,0,0,999.0,0,0,3,18,3.0,20,0.0,0,6,38100,18,15,9,1,100.0,0,0,25000,60,19.42,654.31,4,1,0,0,0,0.33783783783783783,False,False,False,True,False,True,False,False,False,False,False,False,False,False,False,False,False,False,True,False
5.0,125000.0,22.6,0.0,0.0,0,999.0,2000,1,38,12,420539,90792,0,0,999.0,0,0,5,6,12.0,12,0.0,0,2,82300,17,6,2,5,100.0,0,0,30000,60,16.02,729.87,3,0,0,0,0,0.24,False,False,True,False,False,True,False,False,False,False,False,False,False,False,False,False,False,False,True,False
1.0,70200.0,22.77,0.0,0.0,0,49.0,1997,0,16,6,223462,53628,0,0,49.0,0,0,3,5,18.0,6,0.0,0,1,16200,3,2,1,1,93.8,0,0,6000,36,18.45,218.28,4,1,0,1,1,0.08547008547008547,False,False,True,False,False,True,False,False,False,False,False,False,False,False,False,False,False,False,True,False
6.0,14928.0,11.58,0.0,0.0,0,999.0,1998,1,11,6,114672,705,0,1,999.0,0,0,0,4,6.0,6,0.0,0,1,2300,7,5,4,2,100.0,0,1,4600,36,19.42,169.6,4,0,0,0,0,0.30814576634512325,False,False,False,True,False,True,False,False,False,False,False,False,False,False,False,False,False,False,True,False
1.0,93844.0,24.54,0.0,0.0,0,75.0,2004,3,66,20,315880,198889,0,0,77.0,0,722,9,5,1.0,20,0.0,0,2,1000,20,10,4,5,96.6,0,0,16000,60,19.42,418.76,4,0,0,1,1,0.17049571629512808,True,False,False,False,False,False,True,False,False,False,False,False,False,False,False,False,False,False,True,False
2.0,44500.0,38.78,0.0,0.0,0,999.0,1997,0,39,23,79900,41485,0,0,999.0,0,0,0,3,23.0,23,0.0,0,16,44100,33,23,23,0,100.0,0,0,12800,36,18.06,463.14,4,1,0,0,0,0.2876404494382023,True,False,True,False,True,False,False,False,False,False,False,False,False,False,False,False,False,False,False,False
2.0,83000.0,10.57,100256.0,10.55,0,999.0,1993,7,30,5,210025,18170,0,0,999.0,0,0,1,2,1.0,5,0.0,0,2,12500,14,3,2,7,100.0,0,0,7000,36,6.71,215.22,1,0,1,0,0,0.08433734939759036,False,False,False,True,False,False,False,False,False,True,False,False,False,False,True,False,False,True,True,False
5.0,60000.0,1.2,0.0,0.0,0,999.0,2012,2,2,2,18000,3619,0,0,999.0,0,0,0,0,0.0,2,0.0,0,2,18000,2,2,2,0,100.0,0,0,10000,60,11.99,222.4,2,1,0,0,0,0.16666666666666666,True,False,True,False,True,False,False,False,False,False,False,False,False,False,False,False,False,False,True,False
10.0,60000.0,19.56,0.0,0.0,0,25.0,2006,2,13,7,45504,39285,0,0,25.0,0,0,2,4,6.0,7,0.0,0,2,12800,9,5,5,0,84.6,0,0,9600,36,21.85,365.89,4,0,0,1,1,0.16,False,True,True,False,True,False,False,False,False,False,False,False,False,False,False,False,False,False,False,False
3.0,48000.0,26.11,0.0,0.0,0,999.0,2014,18,18,14,60286,32991,0,0,999.0,0,0,2,10,0.0,14,0.0,0,4,25700,15,12,6,0,100.0,0,0,4800,36,10.42,155.84,2,1,0,0,0,0.1,False,True,True,False,False,False,False,False,False,False,False,False,False,False,False,False,False,False,False,False
2.0,75000.0,18.42,0.0,0.0,0,999.0,2007,0,25,10,57830,20372,0,1,999.0,0,0,2,8,16.0,10,0.0,0,4,15600,10,8,5,0,100.0,0,1,3000,36,9.93,96.71,2,0,0,0,0,0.04,False,False,True,False,False,False,True,False,False,False,False,False,False,False,False,False,False,False,True,False
6.0,3000.0,64.4,90000.0,17.53,0,999.0,1994,0,3,2,26400,6829,0,0,999.0,0,0,0,0,999.0,2,0.0,0,2,26400,3,2,2,0,100.0,0,0,7000,36,7.97,219.26,1,1,1,0,0,2.3333333333333335,True,False,False,True,False,True,False,False,False,False,False,False,False,False,True,False,False,True,True,False
9.0,90000.0,20.59,0.0,0.0,0,999.0,2004,0,17,9,64474,35687,0,0,999.0,0,0,2,1,999.0,9,0.0,0,2,7200,8,6,4,0,100.0,0,0,40000,60,16.01,972.94,3,1,0,0,0,0.4444444444444444,False,False,True,False,False,True,False,False,False,False,False,False,False,False,False,False,False,False,True,False
10.0,51000.0,33.6,0.0,0.0,0,72.0,2005,3,32,11,329516,57989,0,1,72.0,0,0,3,4,3.0,11,0.0,0,2,10000,17,7,4,2,96.4,0,1,15400,36,17.09,549.75,4,0,0,1,1,0.30196078431372547,False,False,False,True,False,True,False,False,False,False,False,False,False,False,False,False,False,False,False,True
10.0,61582.0,28.97,0.0,0.0,0,999.0,2011,6,21,15,112075,74908,0,0,999.0,0,0,1,8,3.0,15,0.0,0,6,42400,14,14,8,3,100.0,0,0,15000,60,19.03,389.36,4,1,0,0,0,0.24357766879932446,False,True,False,False,False,False,False,False,False,False,True,False,False,False,False,False,False,False,True,False
0.0,54500.0,32.44,0.0,0.0,0,999.0,2001,0,18,5,110574,75221,0,0,999.0,0,0,2,0,16.0,5,0.0,0,2,26400,11,3,2,0,100.0,0,0,15000,60,11.98,333.52,2,0,0,0,0,0.27522935779816515,False,True,True,False,False,False,False,False,False,False,False,True,False,False,False,False,False,False,True,False
3.0,80000.0,6.41,220000.0,5.05,0,30.0,2009,1,26,13,41072,41012,0,0,30.0,0,177,11,1,11.0,13,0.0,0,2,7500,2,2,2,0,57.7,0,0,9000,36,10.91,294.27,2,0,1,1,1,0.1125,False,True,True,False,False,False,False,False,True,False,False,False,False,False,True,True,False,False,True,False
6.0,25000.0,47.91,81650.0,15.62,0,999.0,2004,3,40,16,251634,44538,0,0,999.0,0,0,1,5,8.0,16,0.0,0,5,54600,25,14,7,2,100.0,0,0,17275,36,7.35,536.18,1,0,1,0,0,0.691,False,False,False,True,False,True,False,False,False,False,False,False,False,False,True,False,False,True,True,False
2.0,103000.0,18.93,163000.0,23.8,0,999.0,2006,1,10,9,90469,74180,0,0,999.0,0,0,2,4,7.0,9,0.0,0,3,40000,8,7,4,0,100.0,0,0,8000,36,16.01,281.3,3,0,1,0,0,0.07766990291262135,False,True,False,False,False,False,False,False,False,False,False,False,False,True,True,True,False,False,False,False
6.0,50000.0,1.97,0.0,0.0,0,51.0,1996,0,16,6,7800,2244,0,0,57.0,0,296,0,5,24.0,6,0.0,0,3,7500,15,6,3,0,87.5,0,0,15000,60,21.45,409.61,4,0,0,1,1,0.3,True,False,False,False,True,False,False,False,False,False,False,False,False,False,False,False,False,False,True,False
6.0,45000.0,16.51,0.0,0.0,1,19.0,2007,2,23,8,131838,38274,0,0,999.0,0,0,1,6,8.0,8,0.0,0,1,26100,14,6,2,4,91.3,0,0,6000,36,13.59,203.88,3,0,0,1,0,0.13333333333333333,True,False,False,False,False,False,True,False,False,False,False,False,False,False,False,False,False,False,False,False
3.0,94000.0,26.72,0.0,0.0,0,999.0,2000,2,40,23,190575,122434,0,0,999.0,0,0,4,5,8.0,23,0.0,0,11,81400,22,18,15,0,100.0,0,0,25000,60,12.62,563.98,3,0,0,0,0,0.26595744680851063,False,True,False,False,False,True,False,False,False,False,False,False,False,False,False,False,False,False,True,False
9.0,450000.0,15.92,0.0,0.0,1,6.0,1996,4,29,13,249425,200445,0,0,999.0,0,0,5,5,7.0,13,0.0,0,4,63000,13,6,5,2,78.6,0,0,20175,36,15.04,699.77,3,0,0,1,0,0.044833333333333336,False,True,False,True,False,True,False,False,False,False,False,False,False,False,False,False,False,False,True,False
9.0,95000.0,35.32,135000.0,37.51,0,999.0,2005,1,13,9,509012,81210,0,0,999.0,0,0,2,4,10.0,9,0.0,0,2,7400,6,5,3,1,100.0,0,0,9550,36,26.3,386.31,5,1,1,0,0,0.10052631578947369,False,False,True,False,False,True,False,False,False,False,False,False,False,False,True,False,True,False,False,False
10.0,117000.0,13.34,177000.0,8.82,0,999.0,2003,3,27,6,382481,73262,0,0,999.0,0,0,2,5,3.0,6,0.0,0,1,29000,11,3,1,6,100.0,0,0,9000,36,7.97,281.91,1,0,1,0,0,0.07692307692307693,False,False,False,False,False,False,True,False,False,False,False,False,False,False,True,True,False,False,True,False
10.0,67800.0,16.34,0.0,0.0,2,19.0,1983,1,80,32,75066,58898,0,0,28.0,0,0,11,2,5.0,32,0.0,0,8,23600,33,19,11,0,70.0,0,0,21000,36,10.42,681.76,2,0,0,1,1,0.30973451327433627,False,True,False,False,False,True,False,False,False,False,False,False,False,False,False,False,False,False,False,False
2.0,56450.0,31.1,0.0,0.0,1,18.0,1996,10,51,38,208305,92556,0,0,34.0,0,0,17,8,1.0,38,0.0,0,5,30600,29,20,11,2,84.3,0,0,30000,60,24.85,877.91,5,1,0,1,1,0.5314437555358724,False,False,False,False,True,False,False,False,False,False,False,False,False,False,False,False,False,False,True,False
4.0,103500.0,31.29,0.0,0.0,0,999.0,2004,1,24,7,469223,109777,0,0,999.0,0,0,1,2,4.0,7,0.0,0,4,58300,12,5,5,1,100.0,0,0,8500,36,18.45,309.22,4,0,0,0,0,0.0821256038647343,False,False,False,True,False,True,False,False,False,False,False,False,False,False,False,False,False,False,True,False
10.0,200000.0,20.18,0.0,0.0,1,2.0,1983,0,29,21,428105,334296,0,0,999.0,0,0,10,3,15.0,21,0.0,0,7,52700,13,9,7,1,96.4,0,0,13000,36,12.62,435.65,3,0,0,1,0,0.065,False,True,False,True,False,True,False,False,False,False,False,False,False,False,False,False,False,False,True,False
10.0,52000.0,21.83,117000.0,12.72,0,999.0,2004,0,32,9,484431,61899,0,0,999.0,0,0,2,8,13.0,9,0.0,0,3,52500,22,6,5,4,100.0,0,0,12000,60,7.35,239.61,1,0,1,0,0,0.23076923076923078,False,False,False,False,False,True,False,False,False,False,False,False,False,False,True,True,False,False,False,False
5.0,115000.0,23.28,0.0,0.0,0,44.0,2002,4,44,13,186713,163265,0,0,999.0,0,0,4,8,9.0,13,0.0,0,4,15200,20,9,7,3,97.7,0,0,20000,36,6.07,609.08,1,0,0,1,0,0.17391304347826086,False,False,False,False,True,False,False,False,False,False,False,False,False,False,False,False,False,False,True,True
10.0,42000.0,8.94,127000.0,8.75,2,10.0,2000,1,13,8,429300,9266,0,0,999.0,0,0,0,5,10.0,8,0.0,0,4,11200,9,7,5,2,76.9,0,0,36000,60,17.47,903.82,4,0,1,1,0,0.8571428571428571,True,False,False,True,True,False,False,False,False,False,False,False,False,False,True,False,False,True,True,False
10.0,21600.0,34.28,0.0,0.0,0,999.0,2012,1,7,4,39238,17236,0,0,999.0,0,0,2,0,8.0,4,0.0,0,1,2000,3,2,1,0,100.0,0,0,10500,60,25.82,313.26,5,1,0,0,0,0.4861111111111111,True,False,False,True,False,True,False,False,False,False,False,False,False,False,False,False,False,False,True,False
6.0,120000.0,4.32,0.0,0.0,0,28.0,1978,5,6,5,301100,20814,0,0,999.0,0,0,0,3,0.0,5,0.0,0,3,19300,4,4,4,2,83.3,0,0,40000,60,15.04,952.44,3,0,0,1,0,0.3333333333333333,False,False,True,False,False,False,False,False,True,False,False,False,False,False,False,False,False,False,True,False
2.0,47500.0,32.88,0.0,0.0,0,999.0,1998,2,57,27,200526,123747,0,0,999.0,0,0,5,9,8.0,27,0.0,0,4,74900,41,22,4,0,100.0,0,0,9800,36,9.44,313.65,2,0,0,0,0,0.2063157894736842,False,True,True,False,False,True,False,False,False,False,False,False,False,False,False,False,False,False,True,False
2.0,80000.0,15.84,125000.0,11.0,0,31.0,2007,4,32,22,99433,63686,0,1,76.0,0,0,2,5,6.0,22,0.0,0,3,16400,25,20,15,0,90.3,0,1,10000,36,17.09,356.98,4,1,1,1,1,0.125,False,True,False,False,True,False,False,False,False,False,False,False,False,False,True,True,False,False,True,False
0.0,100000.0,18.79,0.0,0.0,0,999.0,2007,3,24,15,470538,61065,0,1,999.0,0,0,3,6,2.0,15,0.0,0,4,39800,14,11,7,1,100.0,0,1,16000,60,11.98,355.75,2,0,0,0,0,0.16,True,False,False,False,False,True,False,False,False,False,False,False,False,False,False,False,False,False,True,False
6.0,50000.0,29.53,0.0,0.0,0,29.0,2006,2,44,11,243414,59680,0,0,29.0,0,0,2,7,3.0,11,0.0,0,5,33000,26,8,5,2,97.6,0,0,12000,60,11.98,266.82,2,0,0,1,1,0.24,False,True,False,False,False,False,False,False,True,False,False,False,False,False,False,False,False,False,True,False
2.0,80000.0,6.3,0.0,0.0,0,999.0,2009,2,5,5,14200,10234,0,0,999.0,0,0,1,2,8.0,5,0.0,0,3,7300,4,4,4,0,100.0,0,0,10000,36,15.05,346.9,3,1,0,0,0,0.125,True,False,False,False,False,True,False,False,False,False,False,False,False,False,False,False,False,False,True,False
6.0,36500.0,4.67,65500.0,2.68,0,999.0,1996,5,11,5,19200,3522,0,0,999.0,0,0,1,1,1.0,5,0.0,0,1,11500,7,4,2,2,100.0,0,0,3500,36,9.92,112.81,2,1,1,0,0,0.0958904109589041,True,False,False,True,False,True,False,False,False,False,False,False,False,False,True,False,False,True,True,False
8.0,80000.0,1.86,0.0,0.0,0,999.0,2007,2,9,9,62750,2095,0,0,999.0,0,0,1,4,2.0,9,0.0,0,3,56600,7,7,3,0,100.0,0,0,40000,60,12.62,902.37,3,1,0,0,0,0.5,False,True,False,True,False,False,False,False,False,True,False,False,False,False,False,False,False,False,True,False
7.0,118000.0,9.34,0.0,0.0,0,63.0,1990,1,31,7,408718,30064,0,0,999.0,0,0,2,4,11.0,7,0.0,0,0,0,20,4,2,5,87.1,0,0,7000,36,10.91,228.88,2,0,0,1,0,0.059322033898305086,False,False,True,False,False,True,False,False,False,False,False,False,False,False,False,False,False,False,False,False
10.0,72000.0,16.17,0.0,0.0,0,999.0,2014,2,11,9,342736,33598,0,0,999.0,0,0,1,6,11.0,9,0.0,0,6,31500,7,6,6,1,100.0,0,0,19500,36,16.02,685.76,3,0,0,0,0,0.2708333333333333,False,False,False,True,False,True,False,False,False,False,False,False,False,False,False,False,False,False,True,False
4.0,98000.0,29.94,0.0,0.0,0,999.0,1995,3,28,14,178908,138935,0,1,54.0,0,0,3,4,3.0,14,0.0,0,6,38350,12,11,6,1,82.0,0,1,30000,60,25.81,894.85,5,1,0,0,1,0.30612244897959184,False,True,False,True,False,True,False,False,False,False,False,False,False,False,False,False,False,False,True,False
10.0,62400.0,16.92,88800.0,21.24,1,18.0,2003,2,9,7,155207,24698,0,0,18.0,0,0,2,2,0.0,7,0.0,0,2,4500,4,4,3,1,88.9,0,0,10000,36,18.45,363.79,4,0,1,1,1,0.16025641025641027,False,False,False,True,False,False,True,False,False,False,False,False,False,False,True,True,False,False,True,False
5.0,100000.0,11.44,0.0,0.0,2,12.0,2007,2,14,8,57856,33507,0,0,21.0,0,0,1,4,5.0,8,0.0,0,4,13000,9,6,5,0,64.3,0,0,11200,36,16.02,393.87,3,1,0,1,1,0.112,False,True,True,False,False,True,False,False,False,False,False,False,False,False,False,False,False,False,False,False
0.0,100000.0,18.7,175000.0,19.56,1,12.0,2001,4,23,7,232943,70831,0,0,999.0,0,568,3,3,3.0,7,0.0,0,3,7300,9,3,3,2,100.0,0,0,15600,36,14.07,533.71,3,0,1,1,0,0.156,False,False,False,False,False,True,False,False,False,False,False,False,False,False,True,True,False,False,False,False
6.0,0.0,16.27,36000.0,24.1,0,999.0,2012,0,14,9,31948,21563,0,0,999.0,0,0,1,1,999.0,9,0.0,0,5,9400,9,8,6,0,100.0,0,0,11000,60,28.72,347.29,6,1,1,0,0,0.19504830917874397,False,True,False,False,False,True,False,False,False,False,False,False,False,False,True,True,False,False,True,False
1.0,50000.0,8.55,0.0,0.0,1,4.0,2013,2,21,16,43167,9749,0,0,999.0,0,0,1,7,5.0,16,0.0,0,4,24000,20,15,6,0,95.2,0,0,1800,36,10.91,58.86,2,0,0,1,0,0.036,False,True,True,False,False,False,False,False,False,False,False,True,False,False,False,False,False,False,True,False
1.0,66500.0,24.11,0.0,0.0,1,11.0,2005,1,18,8,202513,69485,2,0,11.0,0,0,3,4,5.0,8,0.0,0,3,29000,6,4,3,2,83.3,0,0,25000,60,26.3,752.96,5,0,0,1,1,0.37593984962406013,False,False,False,False,True,False,False,False,False,False,False,False,False,False,False,False,False,False,True,False
0.0,50000.0,21.4,0.0,0.0,0,999.0,2005,3,27,10,207032,21711,0,0,999.0,0,497,3,3,2.0,10,0.0,0,1,24600,17,6,1,2,100.0,0,0,2500,36,5.32,75.29,1,0,0,0,0,0.05,False,False,False,False,False,True,False,False,False,False,False,False,False,False,False,False,False,False,True,False
0.0,110000.0,11.99,0.0,0.0,0,25.0,1999,2,29,9,407900,58457,0,0,999.0,0,0,0,5,9.0,9,0.0,0,2,42000,17,8,4,7,96.6,0,0,35000,36,11.99,1162.34,2,0,0,1,0,0.3181818181818182,False,False,True,False,False,True,False,False,False,False,False,False,False,False,False,False,False,False,False,False
5.0,37000.0,22.61,0.0,0.0,0,58.0,2007,4,6,4,40502,36878,0,0,58.0,0,0,1,5,4.0,4,0.0,0,1,1900,4,3,2,0,83.3,0,0,4000,36,18.06,144.74,4,0,0,1,1,0.10810810810810811,False,True,True,False,False,False,False,False,False,False,False,True,False,False,False,False,False,False,True,False
6.0,150000.0,14.07,0.0,0.0,0,999.0,2001,0,47,14,142476,116797,0,0,999.0,0,0,5,9,21.0,14,0.0,0,2,10500,27,9,8,0,100.0,0,0,20000,36,14.07,684.24,3,0,0,0,0,0.13333333333333333,False,False,False,False,True,False,False,False,False,False,False,False,False,False,False,False,False,False,True,True
2.0,14300.0,22.59,0.0,0.0,0,999.0,2005,2,3,3,18953,5126,0,0,999.0,0,0,1,2,1.0,3,0.0,0,1,7500,2,2,2,0,100.0,0,0,1000,36,14.07,34.22,3,1,0,0,0,0.06993006993006994,True,False,True,False,False,True,False,False,False,False,False,False,False,False,False,False,False,False,True,False
2.0,35000.0,14.37,164000.0,10.52,0,999.0,2007,0,18,6,176860,17219,0,0,999.0,0,0,1,2,999.0,6,0.0,0,1,3600,7,4,1,4,100.0,0,0,27000,60,11.99,600.47,2,0,1,0,0,0.7714285714285715,False,False,True,False,False,True,False,False,False,False,False,False,False,False,True,True,False,False,True,False
3.0,75000.0,13.78,0.0,0.0,1,13.0,2003,2,50,15,94858,88464,0,0,62.0,0,0,4,4,2.0,15,0.0,0,6,9100,29,11,9,0,80.0,0,0,5000,36,13.59,169.9,3,0,0,1,1,0.06666666666666667,False,True,False,False,True,False,False,False,False,False,False,False,False,False,False,False,False,False,False,False
1.0,101000.0,10.69,0.0,0.0,0,46.0,1993,0,31,14,391595,47930,0,0,999.0,0,0,4,5,16.0,14,0.0,0,1,88300,14,9,2,6,96.8,0,0,3100,36,5.31,93.35,1,0,0,1,0,0.030693069306930693,True,False,False,False,False,False,False,False,False,False,False,True,False,False,False,False,False,False,True,False
10.0,60000.0,19.42,0.0,0.0,0,999.0,1996,3,48,19,207802,135723,0,0,999.0,0,0,2,3,2.0,18,0.0,0,6,42000,19,16,7,1,100.0,0,0,10000,36,7.35,310.38,1,0,0,0,0,0.16666666666666666,False,False,True,False,False,True,False,False,False,False,False,False,False,False,False,False,False,False,False,False
3.0,180000.0,12.76,0.0,0.0,0,56.0,1988,2,34,12,947846,72104,0,0,999.0,0,0,2,4,3.0,12,0.0,0,5,63000,27,7,5,2,88.2,0,0,10000,36,26.77,407.02,5,0,0,1,0,0.05555555555555555,False,False,True,False,False,True,False,False,False,False,False,False,False,False,False,False,False,False,False,False
10.0,130800.0,14.47,0.0,0.0,0,999.0,1994,1,24,11,81825,50561,0,0,999.0,0,0,2,2,11.0,11,0.0,0,5,21300,19,9,8,0,100.0,0,0,20000,36,11.99,664.2,2,0,0,0,0,0.1529051987767584,False,True,False,False,False,True,False,False,False,False,False,False,False,False,False,False,False,False,True,False
2.0,48589.0,21.19,0.0,0.0,1,24.0,1991,3,45,17,152404,17428,0,1,32.0,0,0,4,14,4.0,17,0.0,0,7,9850,30,12,10,2,89.0,0,1,12000,36,24.85,476.17,5,0,0,1,1,0.24696947868859206,False,False,False,True,False,True,False,False,False,False,False,False,False,False,False,False,False,False,False,False
10.0,75000.0,22.26,0.0,0.0,0,31.0,2000,0,16,8,459100,105225,0,0,31.0,0,0,1,1,999.0,8,0.0,0,2,13300,10,6,6,3,93.8,0,0,3000,36,19.03,110.02,4,0,0,1,1,0.04,False,False,False,False,False,False,False,False,False,False,False,True,False,False,False,False,False,False,False,False
6.0,47000.0,12.67,0.0,0.0,0,999.0,2006,0,11,6,183614,3633,0,0,999.0,0,0,0,3,16.0,6,0.0,0,3,3450,7,5,5,4,100.0,0,0,3000,36,13.59,101.94,3,0,0,0,0,0.06382978723404255,False,False,True,False,False,True,False,False,False,False,False,False,False,False,False,False,False,False,True,False
10.0,70000.0,24.64,155000.0,23.06,0,62.0,1998,2,22,16,94282,46117,0,0,62.0,0,0,2,13,6.0,16,0.0,0,4,33700,15,13,8,1,95.2,0,0,7200,36,13.58,244.62,3,1,1,1,1,0.10285714285714286,False,True,True,False,False,True,False,False,False,False,False,False,False,False,True,False,True,False,True,False
6.0,59000.0,30.88,109000.0,24.4,1,19.0,2001,9,53,11,84944,76861,0,0,19.0,0,0,2,13,3.0,11,0.0,0,2,4000,16,9,6,0,96.1,0,0,32000,36,15.05,1110.08,3,0,1,1,1,0.5423728813559322,False,False,True,False,False,True,False,False,False,False,False,False,False,False,True,False,True,False,True,False
3.0,75000.0,10.61,0.0,0.0,0,30.0,1998,4,61,13,260167,255023,0,0,999.0,0,1070,10,13,4.0,13,0.0,0,2,5700,10,3,3,0,96.5,0,0,9000,36,17.09,321.28,4,1,0,1,0,0.12,True,False,False,False,False,False,False,True,False,False,False,False,False,False,False,False,False,False,True,False
10.0,45000.0,28.45,0.0,0.0,0,38.0,2005,0,18,7,174642,49575,0,0,999.0,0,0,2,3,17.0,7,0.0,0,3,33700,5,3,3,5,88.9,0,0,12000,60,11.98,266.82,2,0,0,1,0,0.26666666666666666,False,False,True,False,False,True,False,False,False,False,False,False,False,False,False,False,False,False,True,False
1.0,90000.0,18.87,0.0,0.0,1,11.0,2002,1,18,15,161272,23769,0,0,999.0,0,0,3,5,0.0,15,0.0,0,4,117500,12,12,4,0,100.0,0,0,30000,36,12.61,1005.2,3,1,0,1,0,0.3333333333333333,False,True,True,False,False,False,False,False,True,False,False,False,False,False,False,False,False,False,True,False
2.0,98000.0,31.73,0.0,0.0,0,999.0,1998,3,28,15,319551,108496,0,0,999.0,0,0,5,2,9.0,15,0.0,0,5,39000,10,9,6,3,100.0,0,0,29400,60,24.85,860.35,5,0,0,0,0,0.3,False,False,False,True,True,False,False,False,False,False,False,False,False,False,False,False,False,False,True,False
3.0,100000.0,18.0,0.0,0.0,0,25.0,2008,2,25,10,320952,65989,0,0,999.0,0,0,5,3,8.0,10,0.0,0,3,12500,7,4,3,1,92.0,0,0,40000,60,15.05,952.65,3,1,0,1,0,0.4,False,False,False,False,False,True,False,False,False,False,False,False,False,False,False,False,False,False,True,False
10.0,92000.0,26.56,144000.0,19.11,2,12.0,2000,3,12,9,222761,70952,0,0,16.0,0,0,5,3,1.0,9,0.0,0,2,8400,4,3,2,1,100.0,0,0,7000,36,13.59,237.86,3,1,1,1,1,0.07608695652173914,True,False,True,False,True,False,False,False,False,False,False,False,False,False,True,False,True,False,True,False
10.0,83000.0,16.98,0.0,0.0,0,999.0,2001,5,20,11,156200,24254,0,0,999.0,0,0,1,7,1.0,11,0.0,0,9,116200,14,10,8,2,100.0,0,0,35000,36,30.94,1503.89,7,1,0,0,0,0.42168674698795183,False,False,False,True,False,False,False,True,False,False,False,False,False,False,False,False,False,False,True,False
1.0,185000.0,23.77,0.0,0.0,0,999.0,1992,3,31,15,612835,118058,0,0,999.0,0,0,4,5,2.0,15,0.0,0,3,32000,17,9,9,3,100.0,0,0,35000,60,18.06,889.92,4,1,0,0,0,0.1891891891891892,True,False,False,True,False,True,False,False,False,False,False,False,False,False,False,False,False,False,True,False
3.0,45000.0,30.93,0.0,0.0,0,999.0,2006,1,18,11,83242,46284,0,0,999.0,0,0,1,7,12.0,11,0.0,0,3,52000,15,10,4,0,100.0,0,0,30000,60,26.77,911.95,5,0,0,0,0,0.6666666666666666,False,False,False,True,False,True,False,False,False,False,False,False,False,False,False,False,False,False,False,False
2.0,35000.0,3.98,0.0,0.0,0,999.0,2014,5,8,6,20000,2421,0,0,999.0,0,0,0,4,4.0,6,0.0,0,3,11000,8,6,4,0,100.0,0,0,3200,36,14.08,109.5,3,0,0,0,0,0.09142857142857143,False,True,False,False,False,True,False,False,False,False,False,False,False,False,False,False,False,False,True,False
4.0,125000.0,16.2,0.0,0.0,1,11.0,1998,3,27,4,93926,63019,0,0,73.0,0,0,2,8,2.0,4,0.0,0,0,2500,15,1,0,2,88.5,0,0,30000,60,26.3,903.55,5,0,0,1,1,0.24,True,False,False,True,False,True,False,False,False,False,False,False,False,False,False,False,False,False,True,False
5.0,35000.0,14.61,0.0,0.0,0,999.0,2010,0,23,13,80400,32824,0,0,999.0,0,0,9,1,999.0,13,0.0,0,1,33500,10,4,1,0,100.0,0,0,10000,36,6.08,304.59,1,0,0,0,0,0.2857142857142857,False,True,False,False,False,True,False,False,False,False,False,False,False,False,False,False,False,False,True,False
4.0,51000.0,20.66,0.0,0.0,0,999.0,2001,1,21,9,221695,30835,0,0,999.0,0,0,2,4,4.0,9,0.0,0,5,24100,10,6,6,1,100.0,0,0,20000,36,6.72,614.99,1,1,0,0,0,0.39215686274509803,False,False,False,True,True,False,False,False,False,False,False,False,False,False,False,False,False,False,True,False
7.0,37183.56,18.24,95797.96,22.17,0,999.0,1998,2,14,7,54946,21231,0,0,999.0,0,0,2,2,0.0,7,0.0,0,3,37400,9,5,4,0,100.0,0,0,27500,60,15.05,654.95,3,1,1,0,0,0.7395741558903989,True,False,True,False,False,True,False,False,False,False,False,False,False,False,True,True,False,False,True,False
1.0,40000.0,16.53,0.0,0.0,0,999.0,2009,2,15,6,60437,63252,0,0,999.0,0,698,3,2,6.0,6,0.0,0,2,5000,4,3,2,0,100.0,0,0,2500,36,11.99,83.03,2,0,0,0,0,0.0625,False,True,True,False,True,False,False,False,False,False,False,False,False,False,False,False,False,False,True,False
10.0,143000.0,29.31,0.0,0.0,0,999.0,1998,3,28,12,677151,116640,0,0,999.0,0,0,3,2,1.0,12,0.0,0,7,121200,17,8,7,1,100.0,0,0,20000,36,10.42,649.3,2,1,0,0,0,0.13986013986013987,True,False,False,True,False,False,False,True,False,False,False,False,False,False,False,False,False,False,False,False
10.0,140000.0,17.35,0.0,0.0,0,60.0,1998,10,43,26,617072,79804,0,0,60.0,0,0,4,11,1.0,26,0.0,0,10,148100,27,20,10,2,97.6,0,0,19425,60,12.62,438.21,3,0,0,1,1,0.13875,False,False,False,False,False,False,False,False,False,False,False,True,False,False,False,False,False,False,True,False
3.0,81000.0,13.74,0.0,0.0,0,999.0,2014,1,10,9,48080,18382,0,0,999.0,0,0,2,6,6.0,9,0.0,0,3,17000,7,7,3,0,100.0,0,0,16000,36,12.62,536.18,3,0,0,0,0,0.19753086419753085,False,True,True,False,False,True,False,False,False,False,False,False,False,False,False,False,False,False,True,False
6.0,150000.0,13.89,225500.0,11.41,0,43.0,1999,12,24,12,134920,114997,0,2,50.0,0,0,3,9,1.0,12,0.0,0,3,5600,12,9,7,0,66.7,0,2,10000,36,12.62,335.12,3,1,1,1,1,0.06666666666666667,False,False,True,False,False,True,False,False,False,False,False,False,False,False,True,False,True,False,False,False
6.0,63000.0,30.0,0.0,0.0,0,32.0,2001,1,25,16,314313,98611,0,0,34.0,0,52,3,8,7.0,16,0.0,0,3,37600,20,12,3,2,76.0,0,0,20000,60,21.85,550.68,4,1,0,1,1,0.31746031746031744,True,False,False,False,False,True,False,False,False,False,False,False,False,False,False,False,False,False,True,False
6.0,28000.0,0.0,0.0,0.0,0,999.0,2000,0,4,0,0,0,0,0,999.0,0,0,0,0,20.0,0,0.0,0,0,0,2,0,0,0,100.0,0,0,2500,36,21.85,95.29,4,1,0,0,0,0.08928571428571429,False,True,True,False,False,False,False,False,True,False,False,False,False,False,False,False,False,False,True,False
1.0,100000.0,12.59,0.0,0.0,0,24.0,2013,8,13,11,59211,47055,0,0,999.0,0,0,1,5,4.0,11,0.0,0,5,11600,11,10,9,0,92.3,0,0,13000,60,10.91,282.07,2,1,0,1,0,0.13,False,True,True,False,True,False,False,False,False,False,False,False,False,False,False,False,False,False,True,True
0.0,50000.0,7.24,0.0,0.0,0,999.0,2010,0,13,9,45972,15227,0,0,999.0,0,0,1,4,999.0,9,0.0,0,3,29800,10,7,3,0,100.0,0,0,5000,36,7.97,156.62,1,0,0,0,0,0.1,False,True,True,False,True,False,False,False,False,False,False,False,False,False,False,False,False,False,True,False
0.0,240000.0,3.77,0.0,0.0,3,7.0,1989,1,28,11,779847,111239,0,0,39.0,0,0,0,1,8.0,11,0.0,0,4,22700,15,7,5,9,70.4,0,0,21000,60,12.61,473.64,3,1,0,1,1,0.0875,False,False,False,True,False,False,False,True,False,False,False,False,False,False,False,False,False,False,True,False
0.0,90000.0,22.17,0.0,0.0,2,5.0,1993,8,30,17,341648,50585,0,0,35.0,0,0,2,4,1.0,17,0.0,0,7,11200,19,14,12,3,93.3,0,0,20000,36,15.04,693.7,3,0,0,1,1,0.2222222222222222,False,False,False,True,True,False,False,False,False,False,False,False,False,False,False,False,False,False,False,True
4.0,28000.0,6.73,0.0,0.0,1,4.0,2005,1,30,9,32300,6199,0,0,999.0,0,0,0,3,4.0,9,0.0,0,1,14000,28,9,4,1,96.7,0,0,15600,60,16.01,379.45,3,0,0,1,0,0.5571428571428572,False,False,True,False,False,False,False,False,True,False,False,False,False,False,False,False,False,False,True,False
10.0,58000.0,15.09,0.0,0.0,0,999.0,1989,3,11,6,40819,22278,0,0,999.0,0,1460,1,5,8.0,6,0.0,0,3,10500,7,5,4,1,100.0,0,0,12000,36,16.02,422.01,3,0,0,0,0,0.20689655172413793,False,True,False,True,False,False,False,False,False,False,False,True,False,False,False,False,False,False,True,False
0.0,41600.0,16.44,0.0,0.0,0,999.0,2009,2,10,7,37461,26434,0,0,999.0,0,0,2,5,1.0,7,0.0,0,3,18000,6,5,3,0,100.0,0,0,3000,36,19.03,110.02,4,0,0,0,0,0.07211538461538461,False,True,True,False,False,False,False,False,False,False,False,True,False,False,False,False,False,False,True,False
10.0,59142.0,8.79,0.0,0.0,0,999.0,2005,7,20,6,366262,18237,0,1,999.0,0,0,1,0,0.0,6,0.0,0,1,3000,10,4,2,3,100.0,0,1,10000,36,7.35,310.38,1,0,0,0,0,0.16908457610496772,False,False,False,True,False,False,True,False,False,False,False,False,False,False,False,False,False,False,True,False
10.0,140000.0,11.5,198000.0,17.93,0,999.0,1989,0,18,8,314237,50692,0,0,999.0,0,0,2,2,17.0,8,0.0,0,3,38900,8,5,5,3,100.0,0,0,30000,36,7.35,931.13,1,1,1,0,0,0.21428571428571427,False,False,True,False,False,True,False,False,False,False,False,False,False,False,True,False,False,False,False,True
7.0,50000.0,9.7,0.0,0.0,0,999.0,2000,1,17,11,100476,4000,0,0,999.0,0,0,1,2,2.0,11,0.0,0,2,70600,14,10,3,0,100.0,0,0,40000,60,10.42,858.18,2,0,0,0,0,0.8,False,True,True,False,False,True,False,False,False,False,False,False,False,False,False,False,False,False,True,False
10.0,60000.0,11.52,0.0,0.0,0,45.0,1994,1,22,11,165569,24797,0,0,999.0,0,0,2,5,10.0,11,0.0,0,3,17200,6,6,5,3,90.9,0,0,12000,60,15.04,285.74,3,0,0,1,0,0.2,False,False,False,False,False,False,True,False,False,False,False,False,False,False,False,False,False,False,True,False
6.0,165000.0,14.2,0.0,0.0,0,31.0,2002,2,30,17,424516,131464,0,0,999.0,0,0,6,6,10.0,17,0.0,0,8,8500,9,8,8,3,65.4,0,0,30000,36,19.42,1106.07,4,0,0,1,0,0.18181818181818182,False,False,False,True,False,True,False,False,False,False,False,False,False,False,False,False,False,False,False,False
7.0,95000.0,23.02,0.0,0.0,0,75.0,2000,2,23,12,436250,78706,0,0,999.0,0,0,2,8,5.0,12,0.0,0,4,42400,13,9,5,5,95.7,0,0,6400,36,14.08,218.99,3,0,0,1,0,0.06736842105263158,True,False,True,False,False,True,False,False,False,False,False,False,False,False,False,False,False,False,False,False
10.0,86000.0,10.75,0.0,0.0,0,999.0,2006,0,14,8,222200,24722,0,0,999.0,0,0,0,4,15.0,8,0.0,0,4,24600,7,7,6,2,100.0,0,0,25000,36,11.99,830.24,2,0,0,0,0,0.29069767441860467,False,False,True,False,False,True,False,False,False,False,False,False,False,False,False,False,False,False,True,False
10.0,72000.0,27.07,0.0,0.0,0,999.0,1995,20,14,7,104106,91377,0,0,999.0,0,0,4,6,0.0,7,0.0,0,1,13700,7,3,1,1,100.0,0,0,30000,36,17.47,1076.62,4,1,0,0,0,0.4166666666666667,True,False,True,False,True,False,False,False,False,False,False,False,False,False,False,False,False,False,True,False
7.0,54000.0,9.78,0.0,0.0,0,24.0,2010,0,27,13,54161,38531,0,0,55.0,0,0,7,12,15.0,13,0.0,0,2,15000,14,6,3,1,85.2,0,0,10000,36,14.08,342.17,3,0,0,1,1,0.18518518518518517,False,True,False,False,False,False,False,False,False,False,False,False,False,True,False,False,False,False,True,False
10.0,100000.0,14.29,0.0,0.0,0,46.0,2000,1,24,12,295050,72409,0,0,999.0,0,0,2,7,1.0,12,0.0,0,3,83900,14,8,3,3,95.8,0,0,40000,36,10.42,1298.59,2,1,0,1,0,0.4,False,False,True,False,False,True,False,False,False,False,False,False,False,False,False,False,False,False,True,False
10.0,40000.0,3.27,0.0,0.0,1,3.0,1999,1,11,8,16468,7540,0,0,11.0,0,737,0,4,2.0,8,0.0,0,2,11200,8,7,4,0,90.9,0,0,10000,60,21.85,275.34,4,0,0,1,1,0.25,False,False,False,False,False,True,False,False,False,False,False,False,False,False,False,False,False,False,True,False
10.0,150000.0,11.62,0.0,0.0,0,999.0,1999,5,28,13,407664,84911,0,0,999.0,0,0,1,8,0.0,12,0.0,0,8,92500,17,10,6,1,100.0,0,0,35000,36,29.69,1479.87,6,1,0,0,0,0.23333333333333334,True,False,True,False,False,True,False,False,False,False,False,False,False,False,False,False,False,False,True,False
10.0,32000.0,1.28,61000.0,15.62,0,999.0,2001,0,8,3,154909,1208,0,0,999.0,0,0,0,0,21.0,3,0.0,0,1,2600,5,2,1,2,100.0,0,0,7000,36,7.96,219.23,1,1,1,0,0,0.21875,False,False,False,True,False,False,True,False,False,False,False,False,False,False,True,False,False,True,True,False
7.0,33000.0,15.67,0.0,0.0,0,52.0,2003,0,13,6,22900,13423,0,0,58.0,0,0,1,1,999.0,6,0.0,0,2,8300,8,5,3,0,91.7,0,0,15000,60,26.3,451.78,5,1,0,1,1,0.45454545454545453,False,True,True,False,False,True,False,False,False,False,False,False,False,False,False,False,False,False,True,False
4.0,43492.8,6.18,0.0,0.0,0,999.0,2014,2,10,5,15225,3340,0,0,999.0,0,695,1,7,7.0,5,0.0,0,1,7800,8,4,1,0,100.0,0,0,6025,36,7.34,186.98,1,0,0,0,0,0.138528676010742,False,True,True,False,False,True,False,False,False,False,False,False,False,False,False,False,False,False,False,False
3.0,29300.0,54.81,114300.0,26.04,1,23.0,2006,2,16,9,85649,46677,0,0,999.0,0,500,3,3,4.0,9,0.0,0,1,6800,10,6,1,0,93.8,0,0,11000,36,13.59,373.77,3,0,1,1,0,0.37542662116040953,False,True,False,True,False,False,False,False,False,False,False,True,False,False,True,False,False,True,False,False
6.0,185000.0,8.09,0.0,0.0,0,999.0,1999,9,35,16,609847,37951,0,0,999.0,0,0,3,8,4.0,16,0.0,0,1,72900,29,12,2,1,96.6,0,0,40000,60,7.35,798.67,1,1,0,0,0,0.21621621621621623,False,False,False,True,False,True,False,False,False,False,False,False,False,False,False,False,False,False,True,False
10.0,55000.0,23.91,102000.0,27.47,0,999.0,2007,3,33,20,305338,40906,0,1,999.0,0,0,1,7,2.0,20,0.0,0,5,33100,25,18,8,3,100.0,0,1,16000,60,14.08,372.96,3,0,1,0,0,0.2909090909090909,False,False,True,False,False,False,True,False,False,False,False,False,False,False,True,False,True,False,True,False
10.0,70000.0,11.96,0.0,0.0,0,999.0,2000,0,17,8,190300,26843,0,0,999.0,0,0,0,4,22.0,8,0.0,0,4,25800,12,7,7,3,100.0,0,0,15000,60,13.59,345.85,3,0,0,0,0,0.21428571428571427,False,False,False,False,True,False,False,False,False,False,False,False,False,False,False,False,False,False,True,False
3.0,40000.0,3.31,0.0,0.0,0,39.0,2006,0,13,7,8600,2568,0,0,73.0,0,4591,0,1,999.0,7,0.0,0,2,5900,12,7,2,0,61.5,0,0,30000,60,21.45,819.22,4,0,0,1,1,0.75,True,False,False,True,False,False,False,False,False,False,False,True,False,False,False,False,False,False,True,False
1.0,40000.0,24.66,0.0,0.0,1,9.0,1995,1,28,24,70600,48363,0,0,999.0,0,0,12,11,11.0,24,0.0,0,8,29800,16,12,8,0,93.0,0,0,8000,36,9.93,257.88,2,1,0,1,0,0.2,False,True,False,False,False,True,False,False,False,False,False,False,False,False,False,False,False,False,True,False
10.0,65918.0,16.54,0.0,0.0,0,43.0,2004,3,32,16,58589,40219,0,0,43.0,0,1556,1,16,3.0,16,0.0,0,5,4900,25,15,8,0,93.8,0,0,4000,36,15.04,138.74,3,0,0,1,1,0.06068145271397797,False,True,False,False,False,True,False,False,False,False,False,False,False,False,False,False,False,False,True,False
7.0,60000.0,26.32,0.0,0.0,0,41.0,2006,1,23,10,55419,36085,0,0,999.0,0,0,3,4,12.0,10,0.0,0,3,9000,16,7,6,0,87.0,0,0,12000,36,16.02,422.01,3,0,0,1,0,0.2,False,True,False,False,False,True,False,False,False,False,False,False,False,False,False,False,False,False,False,False
4.0,160000.0,9.26,0.0,0.0,3,22.0,2003,3,13,11,173547,140118,0,0,23.0,0,924,6,6,0.0,11,0.0,0,4,17100,6,5,4,0,69.2,0,0,12000,60,25.82,358.01,5,0,0,1,1,0.075,False,True,False,False,False,True,False,False,False,False,False,False,False,False,False,False,False,False,True,False
1.0,38000.0,15.13,0.0,0.0,0,999.0,2001,6,11,8,25138,21457,0,0,999.0,0,0,1,7,0.0,8,0.0,0,4,4300,9,7,5,0,100.0,0,0,3000,36,15.05,104.07,3,0,0,0,0,0.07894736842105263,True,False,False,False,True,False,False,False,False,False,False,False,False,False,False,False,False,False,True,False
8.0,152000.0,15.95,0.0,0.0,0,999.0,2004,1,16,6,321662,58562,0,0,999.0,0,0,2,2,11.0,6,0.0,0,2,47000,5,2,2,6,100.0,0,0,21925,36,10.91,716.87,2,1,0,0,0,0.14424342105263158,False,True,False,False,False,True,False,False,False,False,False,False,False,False,False,False,False,False,False,False
10.0,77000.0,19.95,0.0,0.0,0,999.0,1999,7,62,19,180433,33209,0,0,999.0,0,995,4,11,0.0,19,0.0,0,2,28500,33,14,4,3,100.0,0,0,10000,36,7.35,310.38,1,0,0,0,0,0.12987012987012986,False,False,False,False,True,False,False,False,False,False,False,False,False,False,False,False,False,False,True,False
2.0,100000.0,19.34,0.0,0.0,0,46.0,2002,2,19,17,75176,38767,0,0,999.0,0,327,3,6,6.0,17,0.0,0,8,17200,14,14,11,0,88.2,0,0,10000,36,13.59,339.79,3,0,0,1,0,0.1,False,False,False,False,False,True,False,False,False,False,False,False,False,False,False,False,False,False,True,False
10.0,56000.0,17.55,0.0,0.0,0,999.0,2003,5,18,12,55201,45651,0,0,999.0,0,0,1,5,1.0,12,0.0,0,6,13900,12,11,6,0,100.0,0,0,15000,60,14.08,349.65,3,0,0,0,0,0.26785714285714285,True,False,True,False,False,True,False,False,False,False,False,False,False,False,False,False,False,False,True,False
0.0,55000.0,18.13,0.0,0.0,0,999.0,2010,1,10,9,65847,41101,0,0,999.0,0,0,7,1,3.0,9,0.0,0,1,13500,3,2,1,0,100.0,0,0,1800,36,7.35,55.87,1,0,0,0,0,0.03272727272727273,False,True,False,False,True,False,False,False,False,False,False,False,False,False,False,False,False,False,True,False
6.0,75000.0,10.19,0.0,0.0,0,69.0,2004,0,9,4,32200,22582,0,0,69.0,0,0,0,4,999.0,4,0.0,0,2,7200,8,4,3,1,77.8,0,0,22000,36,6.71,676.39,1,0,0,1,1,0.29333333333333333,False,True,True,False,True,False,False,False,False,False,False,False,False,False,False,False,False,False,True,True
10.0,55000.0,8.79,0.0,0.0,0,999.0,2007,3,15,4,350836,15284,0,0,999.0,0,0,1,2,3.0,4,0.0,0,1,39500,8,2,1,3,100.0,0,0,1625,36,7.34,50.43,1,0,0,0,0,0.029545454545454545,False,False,True,False,False,False,False,False,False,True,False,False,False,False,False,False,False,False,True,False
3.0,150000.0,3.08,0.0,0.0,0,999.0,1994,0,14,9,87606,9044,0,0,999.0,0,0,1,4,999.0,9,0.0,0,3,73000,11,8,3,0,100.0,0,0,8000,36,5.32,240.92,1,0,0,0,0,0.05333333333333334,False,True,True,False,False,False,False,False,False,False,False,True,False,False,False,False,False,False,False,False
8.0,110000.0,19.26,0.0,0.0,1,23.0,2005,1,39,14,116736,108092,0,0,999.0,0,0,10,7,6.0,14,0.0,0,3,12800,10,4,3,0,87.2,0,0,13000,36,9.92,418.99,2,0,0,1,0,0.11818181818181818,False,True,True,False,False,True,False,False,False,False,False,False,False,False,False,False,False,False,True,False
2.0,57000.0,15.54,0.0,0.0,0,999.0,2003,2,39,14,59864,68115,0,0,999.0,0,0,12,3,5.0,14,0.0,0,1,11200,10,2,2,0,83.8,0,0,23400,36,14.08,800.67,3,0,0,0,0,0.4105263157894737,False,True,False,False,True,False,False,False,False,False,False,False,False,False,False,False,False,False,True,False
10.0,80000.0,20.5,0.0,0.0,2,23.0,2006,2,34,12,443437,272922,0,0,26.0,0,0,2,10,6.0,12,0.0,0,5,16500,19,9,8,2,76.5,0,0,25000,36,11.99,830.24,2,0,0,1,1,0.3125,False,False,True,False,True,False,False,False,False,False,False,False,False,False,False,False,False,False,True,True
10.0,65000.0,29.51,0.0,0.0,1,17.0,2000,0,19,16,71746,60991,0,0,999.0,0,0,9,2,13.0,16,0.0,0,1,4000,9,7,4,0,94.7,0,0,4200,36,14.07,143.69,3,0,0,1,0,0.06461538461538462,False,True,False,True,False,True,False,False,False,False,False,False,False,False,False,False,False,False,True,False
10.0,185220.0,12.83,0.0,0.0,1,22.0,1985,2,34,20,861686,84817,0,0,999.0,0,0,3,8,10.0,20,0.0,0,0,37600,19,14,2,5,91.2,0,0,20000,36,5.31,602.21,1,0,0,1,0,0.10797969981643452,False,False,False,False,False,False,True,False,False,False,False,False,False,False,False,False,False,False,True,False
10.0,117000.0,9.99,0.0,0.0,0,999.0,1999,0,9,4,92873,76496,0,0,999.0,0,0,1,0,18.0,4,0.0,0,2,35600,4,3,2,0,100.0,0,0,27000,36,9.93,870.33,2,0,0,0,0,0.23076923076923078,False,False,False,False,False,True,False,False,False,False,False,False,False,False,False,False,False,False,True,True
10.0,70000.0,7.01,0.0,0.0,0,999.0,1987,1,13,11,23098,10480,0,1,999.0,0,0,1,11,10.0,11,0.0,0,7,15900,11,10,9,1,100.0,1,0,5000,36,13.59,169.9,3,1,0,0,0,0.07142857142857142,False,True,True,False,False,True,False,False,False,False,False,False,False,False,False,False,False,False,True,False
10.0,88000.0,25.28,0.0,0.0,0,999.0,2002,3,28,8,314462,94243,0,0,999.0,0,0,3,7,3.0,8,0.0,0,1,5400,9,4,4,3,100.0,0,0,10000,60,28.72,315.72,6,0,0,0,0,0.11363636363636363,False,False,False,True,True,False,False,False,False,False,False,False,False,False,False,False,False,False,True,False
6.0,120000.0,8.74,0.0,0.0,0,999.0,2012,0,14,12,67700,21520,0,0,999.0,0,0,1,3,999.0,12,0.0,0,8,50400,12,11,10,0,100.0,0,0,40000,60,11.99,889.58,2,1,0,0,0,0.3333333333333333,False,True,False,True,False,False,False,False,False,False,False,True,False,False,False,False,False,False,True,False
3.0,24000.0,3.85,0.0,0.0,0,999.0,2000,0,12,5,20300,989,0,0,999.0,0,0,0,2,999.0,5,0.0,0,3,20300,12,5,3,0,100.0,0,0,6400,36,6.07,194.91,1,0,0,0,0,0.26666666666666666,True,False,True,False,False,True,False,False,False,False,False,False,False,False,False,False,False,False,True,False
8.0,120000.0,24.66,0.0,0.0,0,999.0,2002,2,32,12,306556,74281,0,0,999.0,0,0,2,2,4.0,12,0.0,0,4,28300,18,8,7,1,100.0,0,0,11200,60,26.77,340.46,5,1,0,0,0,0.09333333333333334,False,False,False,False,True,False,False,False,False,False,False,False,False,False,False,False,False,False,True,False
1.0,110000.0,18.87,0.0,0.0,1,19.0,2001,5,30,12,165071,127566,0,0,999.0,0,0,5,7,10.0,12,0.0,0,6,57300,16,7,6,2,96.7,0,0,35000,60,17.09,871.54,4,0,0,1,0,0.3181818181818182,True,False,True,False,False,False,True,False,False,False,False,False,False,False,False,False,False,False,True,False
0.0,30000.0,31.76,0.0,0.0,1,13.0,2008,1,11,7,32000,18436,0,0,999.0,0,0,2,3,10.0,7,0.0,0,2,7500,8,5,3,0,90.9,0,0,8425,36,15.05,292.27,3,0,0,1,0,0.2808333333333333,False,True,False,True,False,True,False,False,False,False,False,False,False,False,False,False,False,False,False,False
8.0,83000.0,24.7,0.0,0.0,2,4.0,1983,2,26,19,243855,50023,1,0,5.0,0,728,2,3,1.0,19,0.0,0,5,13500,22,16,12,1,85.0,0,0,30850,36,13.59,1048.25,3,1,0,1,1,0.3716867469879518,False,False,False,False,False,True,False,False,False,False,False,False,False,False,False,False,False,False,True,False
7.0,75000.0,9.55,0.0,0.0,1,8.0,1989,0,18,7,27600,22164,1,0,8.0,0,0,1,0,999.0,7,0.0,0,5,17200,16,6,5,0,94.4,0,0,4800,36,9.92,154.71,2,0,0,1,1,0.064,False,False,False,False,False,False,False,False,False,False,False,True,False,False,False,False,False,False,True,False
10.0,95000.0,6.7,0.0,0.0,0,25.0,1992,4,34,16,34277,7402,0,0,50.0,0,350,1,7,5.0,16,0.0,0,2,20000,27,14,3,2,87.9,0,0,20000,36,9.43,640.01,2,0,0,1,1,0.21052631578947367,False,False,True,False,False,True,False,False,False,False,False,False,False,False,False,False,False,False,True,False
1.0,72000.0,1.43,0.0,0.0,0,999.0,2000,0,11,8,59500,5294,0,0,999.0,0,0,0,3,24.0,8,0.0,0,3,59500,11,8,3,0,100.0,0,0,21600,60,7.34,431.18,1,1,0,0,0,0.3,False,True,False,True,False,False,False,False,True,False,False,False,False,False,False,False,False,False,True,False
2.0,26000.0,1.15,0.0,0.0,0,999.0,2001,0,9,3,1700,201,0,0,999.0,0,0,0,2,999.0,3,0.0,0,0,0,6,3,1,0,100.0,0,0,4800,36,9.93,154.73,2,1,0,0,0,0.18461538461538463,False,True,True,False,False,False,False,False,False,True,False,False,False,False,False,False,False,False,True,False
1.0,18000.0,8.47,0.0,0.0,1,16.0,2007,0,10,6,18100,2400,0,0,999.0,0,0,0,0,999.0,6,0.0,0,5,18100,9,6,5,0,90.0,0,0,18125,36,13.59,615.87,3,0,0,1,0,1.0069444444444444,False,True,False,True,False,False,False,False,False,False,False,False,False,False,False,False,False,False,True,False
8.0,154000.0,4.38,0.0,0.0,0,999.0,2009,2,6,5,64412,17823,0,0,999.0,0,0,1,3,0.0,5,0.0,0,1,32500,5,4,1,0,100.0,0,0,19500,36,6.71,599.53,1,1,0,0,0,0.1266233766233766,False,True,False,True,False,False,True,False,False,False,False,False,False,False,False,False,False,False,True,False
7.0,80000.0,13.34,0.0,0.0,0,41.0,2009,1,30,7,198063,29599,0,0,999.0,0,0,3,4,10.0,7,0.0,0,2,6500,9,3,2,1,96.7,0,0,9000,36,18.45,327.41,4,0,0,1,0,0.1125,False,False,True,False,False,False,False,False,False,True,False,False,False,False,False,False,False,False,True,False
1.0,50000.0,12.43,0.0,0.0,0,999.0,2007,2,11,7,27776,18753,0,0,999.0,0,0,2,7,10.0,7,0.0,0,2,2600,5,5,5,0,100.0,0,0,10000,60,18.06,254.27,4,0,0,0,0,0.2,False,True,True,False,False,True,False,False,False,False,False,False,False,False,False,False,False,False,True,False
5.0,65000.0,36.38,0.0,0.0,0,31.0,1990,1,28,14,100975,54940,0,0,999.0,0,0,3,4,8.0,14,0.0,0,5,44700,13,10,8,2,96.4,0,0,4000,36,13.59,135.92,3,1,0,1,0,0.06153846153846154,True,False,False,False,False,False,False,False,False,False,False,True,False,False,False,False,False,False,False,False
6.0,33500.0,18.09,0.0,0.0,0,65.0,1990,0,19,13,88200,21071,0,0,65.0,0,0,0,1,999.0,13,0.0,0,3,65100,18,13,6,1,94.7,0,0,12500,36,6.07,380.68,1,0,0,1,1,0.373134328358209,True,False,False,False,True,False,False,False,False,False,False,False,False,False,False,False,False,False,True,False
4.0,65000.0,15.77,105000.0,13.27,0,999.0,2006,0,31,14,392918,34523,0,0,999.0,0,0,1,6,999.0,14,0.0,0,4,71900,27,12,5,1,100.0,0,0,12000,36,6.72,369.0,1,0,1,0,0,0.18461538461538463,False,False,False,False,False,False,False,False,False,False,False,True,False,False,True,True,False,False,True,False
5.0,30000.0,40.8,75000.0,19.46,0,999.0,2010,4,12,10,73657,58164,0,0,999.0,0,0,8,5,5.0,10,0.0,0,0,0,3,2,2,0,100.0,0,0,12000,36,10.91,392.36,2,1,1,0,0,0.4,False,True,False,True,False,True,False,False,False,False,False,False,False,False,True,False,True,False,True,False
7.0,210000.0,13.67,0.0,0.0,0,56.0,2005,4,17,9,475830,96518,0,1,56.0,0,0,3,7,1.0,9,0.0,0,2,37100,6,3,3,2,94.1,0,1,28000,60,17.47,702.97,4,0,0,1,1,0.13333333333333333,False,False,True,False,False,True,False,False,False,False,False,False,False,False,False,False,False,False,True,False
6.0,40000.0,14.34,150000.0,12.9,3,11.0,1986,0,22,15,74295,7271,0,0,999.0,0,0,1,2,22.0,15,0.0,0,2,44500,21,14,3,0,81.8,0,0,13000,60,11.99,289.12,2,1,1,1,0,0.325,True,False,True,False,False,True,False,False,False,False,False,False,False,False,True,False,True,False,True,False
0.0,108000.0,16.31,0.0,0.0,0,47.0,1988,2,45,12,153113,135966,0,0,48.0,0,0,5,10,7.0,12,0.0,0,3,11100,21,6,5,3,68.9,0,0,15000,36,12.61,502.6,3,0,0,1,1,0.1388888888888889,False,True,False,False,False,True,False,False,False,False,False,False,False,False,False,False,False,False,True,False
1.0,87400.0,13.64,0.0,0.0,0,999.0,1995,1,24,9,221244,46465,0,0,999.0,0,0,1,6,7.0,9,0.0,0,4,43200,13,7,5,5,100.0,0,0,24000,36,10.91,784.71,2,0,0,0,0,0.2745995423340961,False,False,True,False,False,True,False,False,False,False,False,False,False,False,False,False,False,False,True,False
10.0,92000.0,31.61,0.0,0.0,0,999.0,1997,1,39,13,224616,105939,0,0,999.0,0,0,4,4,9.0,13,0.0,0,5,37600,15,8,7,3,100.0,0,0,13500,36,10.41,438.22,2,0,0,0,0,0.14673913043478262,False,False,False,False,False,True,False,False,False,False,False,False,False,False,False,False,False,False,True,False
8.0,56000.0,24.67,0.0,0.0,0,58.0,2006,11,26,12,254805,35773,0,0,58.0,0,1025,3,3,2.0,12,0.0,0,5,25700,12,8,5,1,84.6,0,0,20000,36,14.08,684.33,3,0,0,1,1,0.35714285714285715,False,False,False,True,False,True,False,False,False,False,False,False,False,False,False,False,False,False,False,False
6.0,0.0,16.27,90000.0,8.92,0,999.0,2004,1,15,5,47156,40228,0,1,999.0,0,0,2,3,0.0,5,0.0,0,1,1700,5,3,2,0,100.0,0,1,10000,36,10.42,324.65,2,0,1,0,0,0.19504830917874397,True,False,True,False,False,False,False,False,False,False,False,True,False,False,True,False,True,False,True,False
2.0,42000.0,20.89,0.0,0.0,0,999.0,2006,1,20,11,47800,18002,0,0,999.0,0,0,1,2,6.0,11,0.0,0,4,35000,18,10,4,0,100.0,0,0,15000,36,10.91,490.45,2,0,0,0,0,0.35714285714285715,False,True,True,False,False,True,False,False,False,False,False,False,False,False,False,False,False,False,True,False
10.0,130000.0,20.11,195000.0,22.17,0,24.0,1978,0,34,16,392076,303858,0,0,26.0,0,0,8,4,21.0,16,0.0,0,3,51700,16,7,4,0,88.2,0,0,7000,36,6.72,215.25,1,1,1,1,1,0.05384615384615385,False,False,True,False,False,True,False,False,False,False,False,False,False,False,True,True,False,False,True,False
2.0,110000.0,28.29,0.0,0.0,1,20.0,2005,2,53,13,504510,172266,0,0,999.0,0,0,4,4,1.0,13,0.0,0,3,27000,27,8,6,6,96.2,0,0,30000,60,26.77,911.95,5,1,0,1,0,0.2727272727272727,False,False,False,True,True,False,False,False,False,False,False,False,False,False,False,False,False,False,False,False
6.0,34385.0,23.05,0.0,0.0,0,999.0,1993,0,20,9,185600,27755,0,0,999.0,0,0,0,1,999.0,9,0.0,0,4,27300,12,7,5,6,100.0,0,0,4000,36,14.08,136.87,3,0,0,0,0,0.11632979496873637,False,False,False,True,False,False,False,False,False,False,False,True,False,False,False,False,False,False,True,False
3.0,21000.0,8.11,0.0,0.0,0,29.0,2013,1,7,6,2500,279,0,0,999.0,0,0,0,6,9.0,6,0.0,0,5,1900,6,6,5,0,85.7,0,0,3000,36,16.01,105.49,3,1,0,1,0,0.14285714285714285,False,True,True,False,False,True,False,False,False,False,False,False,False,False,False,False,False,False,True,False
2.0,61000.0,27.98,0.0,0.0,0,109.0,2007,11,28,18,144973,116274,0,0,109.0,0,0,3,12,6.0,18,0.0,0,9,16900,16,15,11,0,100.0,0,0,12000,36,13.59,407.75,3,0,0,1,1,0.19672131147540983,False,True,True,False,True,False,False,False,False,False,False,False,False,False,False,False,False,False,False,True
10.0,70000.0,0.0,0.0,0.0,0,999.0,2008,3,11,4,19100,0,0,0,999.0,0,0,0,4,2.0,4,0.0,0,0,19100,6,4,0,0,100.0,0,0,37000,60,12.61,834.5,3,0,0,0,0,0.5285714285714286,False,True,False,True,False,False,False,False,False,False,False,True,False,False,False,False,False,False,True,False
10.0,65000.0,44.7,185000.0,17.22,0,49.0,2001,3,28,18,149308,101004,0,0,999.0,0,0,3,3,2.0,18,0.0,0,8,48900,17,15,10,4,96.4,0,0,35000,60,13.58,806.79,3,1,1,1,0,0.5384615384615384,False,False,False,False,False,True,False,False,False,False,False,False,False,False,True,True,False,False,True,False
2.0,36000.0,12.23,0.0,0.0,0,999.0,2008,2,19,12,42200,20007,0,0,999.0,0,0,0,4,10.0,12,0.0,0,8,39900,15,12,8,1,100.0,0,0,25000,60,14.07,582.62,3,0,0,0,0,0.6944444444444444,False,False,True,False,False,True,False,False,False,False,False,False,False,False,False,False,False,False,True,False
9.0,216000.0,4.27,0.0,0.0,0,999.0,2008,3,39,21,799236,51362,0,1,999.0,0,0,3,12,3.0,21,0.0,0,0,93700,22,17,2,4,100.0,1,0,25000,60,9.93,530.32,2,0,0,0,0,0.11574074074074074,False,False,True,False,False,True,False,False,False,False,False,False,False,False,False,False,False,False,True,False
10.0,40000.0,21.42,0.0,0.0,0,999.0,2014,1,12,7,51288,41181,0,0,999.0,0,0,2,10,9.0,7,0.0,0,2,9000,6,5,3,0,100.0,0,0,16000,36,17.09,571.17,4,0,0,0,0,0.4,False,True,True,False,True,False,False,False,False,False,False,False,False,False,False,False,False,False,True,False
1.0,30000.0,10.52,0.0,0.0,0,999.0,2001,2,10,2,59570,46932,0,0,999.0,0,0,1,1,4.0,2,0.0,0,1,10000,5,1,1,0,100.0,0,0,20000,36,9.44,640.1,2,0,0,0,0,0.6666666666666666,False,True,True,False,False,False,False,False,True,False,False,False,False,False,False,False,False,False,True,False
10.0,44640.0,0.0,0.0,0.0,2,4.0,2007,2,4,3,11800,0,0,0,999.0,0,0,0,1,5.0,3,0.0,0,0,11500,3,3,0,0,50.0,0,0,20000,36,14.07,684.24,3,0,0,1,0,0.44802867383512546,False,True,True,False,False,False,False,False,False,False,False,True,False,False,False,False,False,False,True,False
4.0,166000.0,14.6,0.0,0.0,0,999.0,2005,4,24,16,458659,83873,0,1,999.0,0,0,3,6,2.0,16,0.0,0,6,23200,14,12,10,2,100.0,0,1,30000,36,15.05,1040.7,3,0,0,0,0,0.18072289156626506,False,False,True,False,True,False,False,False,False,False,False,False,False,False,False,False,False,False,True,True
10.0,27000.0,5.11,0.0,0.0,0,999.0,2011,5,5,1,5300,3501,0,0,999.0,0,0,0,2,0.0,1,0.0,0,1,5300,2,1,1,0,100.0,0,0,20000,60,21.45,546.15,4,1,0,0,0,0.7407407407407407,False,True,True,False,False,False,False,True,False,False,False,False,False,False,False,False,False,False,True,False
6.0,52680.0,23.51,71978.0,21.34,0,999.0,1972,5,31,11,288670,42667,0,0,999.0,0,0,2,9,5.0,11,0.0,0,5,24700,15,8,7,6,100.0,0,0,19950,60,30.17,647.54,6,1,1,0,0,0.3787015945330296,False,False,False,True,False,True,False,False,False,False,False,False,False,False,True,False,False,True,True,False
6.0,125000.0,9.71,0.0,0.0,0,999.0,2013,1,9,9,117313,100166,0,0,999.0,0,0,6,6,2.0,9,0.0,0,3,26900,3,3,3,0,100.0,0,0,5000,36,12.61,167.54,3,0,0,0,0,0.04,False,True,True,False,False,False,False,False,False,False,False,False,True,False,False,False,False,False,False,False
9.0,65000.0,27.68,98000.0,19.02,0,45.0,2004,6,37,9,263453,64461,0,0,45.0,0,0,2,8,2.0,9,0.0,0,2,8500,12,6,5,1,89.2,0,0,25000,60,24.85,731.59,5,1,1,1,1,0.38461538461538464,False,False,True,False,False,True,False,False,False,False,False,False,False,False,True,False,True,False,True,False
3.0,60000.0,5.39,0.0,0.0,0,33.0,1994,1,12,5,25700,11453,0,1,999.0,0,0,0,4,11.0,5,0.0,0,2,23200,11,5,2,0,91.7,0,1,21000,60,16.02,510.91,3,1,0,1,0,0.35,False,True,True,False,False,False,False,False,False,False,False,True,False,False,False,False,False,False,True,False
2.0,32000.0,37.21,72000.0,20.17,1,23.0,1997,1,24,10,269837,49802,0,0,999.0,0,0,2,5,6.0,10,0.0,0,3,7500,14,7,4,4,87.5,0,0,15000,36,9.93,483.52,2,0,1,1,0,0.46875,False,False,True,False,False,True,False,False,False,False,False,False,False,False,True,True,False,False,True,False
6.0,18000.0,30.67,0.0,0.0,0,34.0,2006,1,17,7,33225,17176,0,0,34.0,0,0,2,2,6.0,7,0.0,0,2,3500,8,5,3,0,94.1,0,0,7000,36,18.06,253.28,4,1,0,1,1,0.3888888888888889,False,True,True,False,True,False,False,False,False,False,False,False,False,False,False,False,False,False,False,False
10.0,56000.0,12.99,0.0,0.0,0,73.0,2005,1,29,9,48540,29152,0,0,999.0,0,0,1,9,8.0,9,0.0,0,3,9400,17,8,4,0,89.7,0,0,6000,36,16.02,211.01,3,0,0,1,0,0.10714285714285714,False,True,False,False,False,True,False,False,False,False,False,False,False,False,False,False,False,False,True,False
2.0,80000.0,6.39,221000.0,12.95,1,7.0,2007,4,21,10,646137,11055,0,0,999.0,0,0,0,6,1.0,10,0.0,0,2,10000,9,8,6,6,95.2,0,0,24000,60,24.85,702.33,5,0,1,1,0,0.3,False,False,True,False,False,True,False,False,False,False,False,False,False,False,True,True,False,False,False,False
9.0,50622.0,5.95,0.0,0.0,0,999.0,2012,1,23,11,168011,71721,0,0,999.0,0,0,1,6,2.0,11,0.0,0,3,7600,11,9,5,1,100.0,0,0,5600,36,9.44,179.23,2,0,0,0,0,0.11062383943739876,False,False,False,False,False,True,False,False,False,False,False,False,False,False,False,False,False,False,True,False
10.0,73000.0,18.01,0.0,0.0,0,999.0,1999,2,19,11,107100,31797,0,1,999.0,0,313,2,5,6.0,11,0.0,0,3,52300,11,9,4,0,100.0,0,1,8000,36,7.35,248.3,1,0,0,0,0,0.1095890410958904,False,True,True,False,True,False,False,False,False,False,False,False,False,False,False,False,False,False,True,False
10.0,65000.0,34.08,127000.0,30.45,0,35.0,1997,2,37,20,221980,37858,0,0,71.0,0,0,2,6,5.0,20,0.0,0,5,10700,31,17,12,2,81.1,0,0,8000,36,16.02,281.34,3,1,1,1,1,0.12307692307692308,False,False,True,False,False,True,False,False,False,False,False,False,False,False,True,True,False,False,False,False
6.0,85175.04,4.55,119566.91,15.15,0,40.0,1996,2,21,6,419340,12786,0,0,40.0,0,0,0,5,5.0,6,0.0,0,3,9300,11,5,4,4,95.0,0,0,24000,36,19.03,880.11,4,0,1,1,1,0.2817726883368649,False,False,False,False,False,True,False,False,False,False,False,False,False,False,True,True,False,False,True,False
10.0,59000.0,11.33,0.0,0.0,1,16.0,1992,1,15,10,153693,21819,0,0,999.0,0,0,1,4,7.0,10,0.0,0,2,31900,11,8,3,2,86.7,0,0,8000,36,9.93,257.88,2,0,0,1,0,0.13559322033898305,False,False,True,False,False,False,False,False,False,False,True,False,False,False,False,False,False,False,True,False
6.0,26895.0,2.98,0.0,0.0,0,36.0,2004,1,15,6,127300,479,0,0,61.0,0,0,0,1,8.0,6,0.0,0,1,2000,9,5,4,3,53.3,0,0,12000,60,15.05,285.8,3,1,0,1,1,0.44617958728388174,True,False,False,False,False,False,False,False,True,False,False,False,False,False,False,False,False,False,True,False
5.0,200000.0,4.66,0.0,0.0,1,21.0,2003,2,22,11,620222,10393,0,0,999.0,0,0,1,3,0.0,11,0.0,0,4,119500,16,8,4,5,100.0,0,0,40000,36,5.31,1204.42,1,1,0,1,0,0.2,False,False,False,True,False,False,True,False,False,False,False,False,False,False,False,False,False,False,True,False
3.0,47000.0,18.23,0.0,0.0,1,12.0,1994,2,16,8,156000,20065,0,0,999.0,0,0,1,3,0.0,8,0.0,0,4,10800,10,5,5,3,93.8,0,0,2500,36,18.06,90.46,4,0,0,1,0,0.05319148936170213,False,False,False,False,False,False,False,False,True,False,False,False,False,False,False,False,False,False,False,False
10.0,92000.0,13.71,0.0,0.0,1,9.0,1996,6,51,36,90501,42990,0,0,999.0,0,0,1,7,9.0,36,0.0,0,8,39900,44,35,16,0,94.1,0,0,12000,36,7.97,375.88,1,0,0,1,0,0.13043478260869565,False,True,False,False,False,True,False,False,False,False,False,False,False,False,False,False,False,False,True,False
6.0,78000.0,21.76,0.0,0.0,0,25.0,2006,0,14,8,304994,55468,0,0,999.0,0,0,5,2,999.0,8,0.0,0,1,7000,3,2,2,1,64.3,0,0,28000,36,11.99,929.87,2,1,0,1,0,0.358974358974359,False,False,False,True,False,True,False,False,False,False,False,False,False,False,False,False,False,False,True,False
10.0,62000.0,28.44,0.0,0.0,0,24.0,2001,2,18,12,70038,46835,0,0,24.0,0,164,10,7,4.0,12,0.0,0,0,3100,3,2,0,0,100.0,0,0,5000,36,26.3,202.26,5,0,0,1,1,0.08064516129032258,False,True,False,True,False,False,False,False,False,False,True,False,False,False,False,False,False,False,False,False
4.0,111000.0,4.7,0.0,0.0,0,999.0,2003,2,27,10,158522,13571,0,1,999.0,0,0,1,3,2.0,10,0.0,0,2,50600,17,7,2,3,100.0,0,1,4850,36,7.97,151.92,1,0,0,0,0,0.04369369369369369,False,False,False,False,False,False,True,False,False,False,False,False,False,False,False,False,False,False,True,False
6.0,80000.0,15.5,0.0,0.0,0,34.0,1996,0,13,8,241764,26833,0,0,999.0,0,0,2,2,15.0,8,0.0,0,4,21000,9,5,5,2,84.6,0,0,13000,60,12.62,293.27,3,0,0,1,0,0.1625,False,False,False,False,True,False,False,False,False,False,False,False,False,False,False,False,False,False,True,False
10.0,300000.0,0.74,307300.0,1.35,0,999.0,1973,0,15,7,68417,5853,0,0,999.0,0,0,0,0,999.0,7,0.0,0,5,60500,8,6,6,3,100.0,0,0,4200,36,6.72,129.15,1,0,1,0,0,0.014,True,False,True,False,False,False,False,False,False,True,False,False,False,False,True,True,False,False,True,False
6.0,88116.0,16.82,107316.0,14.47,0,68.0,2005,5,34,17,435039,65416,0,0,68.0,0,0,1,5,5.0,17,0.0,0,4,17900,22,15,6,3,96.9,0,0,24000,60,11.99,533.75,2,0,1,1,1,0.2723682418629988,False,False,False,True,False,True,False,False,False,False,False,False,False,False,True,False,False,False,True,True
3.0,71000.0,23.48,0.0,0.0,0,999.0,2005,4,43,28,217548,145677,0,0,999.0,0,0,8,7,0.0,28,0.0,0,3,84600,25,20,4,0,100.0,0,0,32000,36,7.34,993.05,1,0,0,0,0,0.4507042253521127,True,False,True,False,False,False,False,False,False,True,False,False,False,False,False,False,False,False,True,False
1.0,50000.0,17.38,0.0,0.0,0,999.0,2005,2,24,11,49557,25633,0,1,999.0,0,619,2,9,6.0,11,0.0,0,3,17700,18,9,3,1,100.0,0,1,6500,36,12.62,217.83,3,0,0,0,0,0.13,False,False,False,True,False,False,False,False,False,False,False,True,False,False,False,False,False,False,True,False
2.0,122000.0,2.2,0.0,0.0,1,1.0,1994,4,31,5,25200,9039,0,0,999.0,0,0,1,5,1.0,5,0.0,0,1,3000,15,3,2,4,100.0,0,0,35000,60,17.09,871.54,4,0,0,1,0,0.28688524590163933,False,True,True,False,False,False,True,False,False,False,False,False,False,False,False,False,False,False,True,False
10.0,105000.0,14.46,0.0,0.0,0,999.0,2001,1,21,10,313825,37401,0,0,999.0,0,0,5,5,7.0,10,0.0,0,1,9800,5,3,1,2,100.0,0,0,22000,36,6.71,676.39,1,0,0,0,0,0.20952380952380953,False,False,False,False,False,True,False,False,False,False,False,False,False,False,False,False,False,False,True,False
10.0,100000.0,4.94,0.0,0.0,0,999.0,1991,0,26,16,73579,17273,0,0,999.0,0,50,0,5,15.0,16,0.0,0,1,16700,20,15,3,0,100.0,0,0,12000,36,7.34,372.4,1,0,0,0,0,0.12,True,False,False,False,False,False,True,False,False,False,False,False,False,False,False,False,False,False,True,False
8.0,65000.0,35.73,350000.0,14.26,0,999.0,2006,8,24,7,461107,146324,0,1,999.0,0,0,2,3,0.0,7,0.0,0,1,7300,8,4,2,6,100.0,0,1,7500,36,9.43,240.01,2,0,1,0,0,0.11538461538461539,False,False,False,True,False,False,False,False,False,False,False,False,True,False,True,False,True,False,False,False
10.0,230000.0,14.59,0.0,0.0,0,999.0,2004,4,38,17,478440,97862,0,0,999.0,0,1577,6,6,3.0,17,0.0,0,4,25500,18,9,5,2,100.0,0,0,16000,60,13.59,368.9,3,1,0,0,0,0.06956521739130435,False,False,True,False,False,False,False,False,False,False,False,True,False,False,False,False,False,False,True,False
0.0,88000.0,5.98,0.0,0.0,1,10.0,1999,1,14,7,109044,16348,0,0,11.0,0,0,1,5,7.0,7,0.0,0,3,7600,11,4,3,1,50.0,0,0,10000,36,21.45,379.07,4,1,0,1,1,0.11363636363636363,True,False,False,False,False,True,False,False,False,False,False,False,False,False,False,False,False,False,True,False
10.0,39000.0,0.0,0.0,0.0,0,999.0,2006,1,3,3,16200,0,0,0,999.0,0,0,0,1,3.0,3,0.0,0,0,16200,3,3,0,0,100.0,0,0,5000,36,20.39,186.82,4,1,0,0,0,0.1282051282051282,False,True,True,False,False,False,False,False,False,False,False,True,False,False,False,False,False,False,True,False
10.0,48000.0,23.3,0.0,0.0,0,999.0,1999,1,23,18,47330,20234,0,1,999.0,0,0,2,8,5.0,18,0.0,0,5,19800,21,16,11,0,100.0,0,1,24000,60,17.09,597.63,4,0,0,0,0,0.5,False,False,True,False,False,True,False,False,False,False,False,False,False,False,False,False,False,False,True,False
0.0,23000.0,23.38,61000.0,16.45,0,999.0,2005,1,17,10,18200,9708,0,1,999.0,0,2947,0,4,11.0,10,0.0,0,3,8700,15,10,5,0,100.0,0,1,3000,36,25.82,120.59,5,0,1,0,0,0.13043478260869565,False,True,True,False,False,True,False,False,False,False,False,False,False,False,True,False,True,False,True,False
1.0,125000.0,4.09,0.0,0.0,2,19.0,2001,4,35,8,48370,19958,0,0,999.0,0,0,1,5,1.0,8,0.0,0,4,32200,13,7,4,7,91.4,0,0,30000,36,14.08,1026.5,3,0,0,1,0,0.24,False,True,True,False,False,True,False,False,False,False,False,False,False,False,False,False,False,False,True,False
2.0,140000.0,21.48,0.0,0.0,2,11.0,2004,0,20,7,262290,110232,1,0,11.0,0,1316,3,3,22.0,7,0.0,0,1,1100,3,2,1,1,85.0,0,0,12000,36,19.03,440.06,4,1,0,1,1,0.08571428571428572,False,False,True,False,False,False,False,False,False,False,False,True,False,False,False,False,False,False,True,False
2.0,49000.0,21.48,0.0,0.0,0,999.0,2004,1,11,5,314309,12285,0,0,999.0,0,0,2,1,9.0,5,0.0,0,1,4500,5,2,1,1,90.9,0,0,5000,36,17.09,178.49,4,1,0,0,0,0.10204081632653061,False,False,False,False,False,True,False,False,False,False,False,False,False,False,False,False,False,False,False,False
6.0,0.0,16.27,84500.0,30.32,1,16.0,2001,1,27,11,197250,53603,0,0,53.0,0,0,3,2,8.0,11,0.0,0,3,15500,12,7,7,2,88.9,0,0,4500,36,18.45,163.71,4,0,1,1,1,0.19504830917874397,False,False,False,False,False,False,False,False,False,True,False,False,False,False,True,True,False,False,True,False
10.0,29000.0,16.89,0.0,0.0,1,18.0,2012,2,20,13,124936,8720,0,0,36.0,0,0,1,13,4.0,13,0.0,0,3,4600,14,10,8,2,85.0,0,0,5500,36,17.09,196.34,4,0,0,1,1,0.1896551724137931,False,False,False,True,False,True,False,False,False,False,False,False,False,False,False,False,False,False,False,False
2.0,45000.0,6.71,0.0,0.0,0,999.0,2011,0,5,4,9300,7743,0,0,999.0,0,0,0,0,999.0,4,0.0,0,3,7600,5,4,4,0,100.0,0,0,12000,60,19.03,311.49,4,1,0,0,0,0.26666666666666666,False,True,True,False,False,True,False,False,False,False,False,False,False,False,False,False,False,False,True,False
7.0,56000.0,6.73,0.0,0.0,2,16.0,2006,2,13,6,145326,4588,0,0,71.0,0,0,1,3,5.0,6,0.0,0,1,2400,6,4,2,5,76.9,0,0,15000,60,24.85,438.96,5,0,0,1,1,0.26785714285714285,True,False,True,False,False,True,False,False,False,False,False,False,False,False,False,False,False,False,True,False
5.0,65000.0,5.54,160000.0,7.14,0,57.0,2005,4,17,10,7729,4260,0,0,57.0,0,0,1,10,2.0,10,0.0,0,5,4800,11,9,8,0,88.2,0,0,12800,36,14.08,437.98,3,1,1,1,1,0.19692307692307692,False,False,False,True,True,False,False,False,False,False,False,False,False,False,True,False,False,True,False,False
1.0,36000.0,5.07,0.0,0.0,0,999.0,2013,1,6,5,13500,4463,0,0,999.0,0,0,0,3,0.0,5,0.0,0,2,8500,6,5,4,0,100.0,0,0,30000,36,19.03,1100.14,4,1,0,0,0,0.8333333333333334,False,True,True,False,True,False,False,False,False,False,False,False,False,False,False,False,False,False,True,False
4.0,83000.0,22.66,0.0,0.0,0,999.0,2005,2,26,13,185632,84373,0,0,999.0,0,0,3,2,0.0,13,0.0,0,5,78700,17,9,6,2,100.0,0,0,12000,60,14.08,279.72,3,0,0,0,0,0.14457831325301204,False,False,False,True,True,False,False,False,False,False,False,False,False,False,False,False,False,False,True,False
7.0,30000.0,34.72,80000.0,20.95,0,999.0,2008,1,12,7,55131,40697,0,0,999.0,0,0,2,3,9.0,7,0.0,0,2,7900,8,5,4,0,100.0,0,0,10000,60,19.03,259.58,4,1,1,0,0,0.3333333333333333,False,True,False,False,False,True,False,False,False,False,False,False,False,False,True,True,False,False,True,False
10.0,45000.0,64.51,215000.0,23.97,2,7.0,1990,2,43,13,341677,284722,0,0,999.0,0,0,3,5,2.0,13,0.0,0,0,13500,25,9,3,3,88.4,0,0,12050,36,13.59,409.45,3,0,1,1,0,0.2677777777777778,False,False,False,True,False,False,False,False,False,False,False,True,False,False,True,False,False,True,False,False
3.0,84000.0,0.43,0.0,0.0,0,999.0,2002,1,16,7,155901,273,0,0,999.0,0,0,0,0,11.0,7,0.0,0,1,18500,12,6,1,2,100.0,0,0,15000,60,9.44,314.59,2,0,0,0,0,0.17857142857142858,False,False,True,False,False,False,False,False,False,True,False,False,False,False,False,False,False,False,True,False
10.0,72000.0,25.38,0.0,0.0,1,20.0,1985,2,23,13,66281,41644,0,0,999.0,0,0,5,3,4.0,13,0.0,0,3,7600,12,8,6,1,95.7,0,0,2000,36,19.03,73.35,4,0,0,1,0,0.027777777777777776,False,False,False,False,False,True,False,False,False,False,False,False,False,False,False,False,False,False,True,False
2.0,54000.0,14.51,0.0,0.0,0,999.0,1998,3,15,12,25372,13840,0,1,53.0,0,1270,3,8,0.0,12,0.0,0,7,7375,10,9,9,0,93.0,0,1,8675,36,15.05,300.94,3,0,0,0,1,0.16064814814814815,False,True,False,False,False,True,False,False,False,False,False,False,False,False,False,False,False,False,False,False
2.0,88000.0,28.27,0.0,0.0,0,999.0,2004,2,16,9,174091,162736,0,0,33.0,0,0,5,7,2.0,9,0.0,0,3,12800,4,4,3,0,94.0,0,0,30000,36,15.05,1040.7,3,1,0,0,1,0.3409090909090909,False,True,False,True,False,True,False,False,False,False,False,False,False,False,False,False,False,False,True,False
10.0,64000.0,6.58,0.0,0.0,0,82.0,2005,2,43,21,92333,25953,0,0,82.0,0,866,9,6,9.0,21,0.0,0,4,56700,19,11,4,0,95.1,0,0,30000,60,9.43,629.04,2,0,0,1,1,0.46875,False,True,False,True,False,False,False,False,False,False,True,False,False,False,False,False,False,False,True,False
1.0,50000.0,8.45,0.0,0.0,0,999.0,2012,1,11,11,23600,13018,0,0,999.0,0,0,1,9,10.0,11,0.0,0,2,9800,10,10,5,0,100.0,0,0,6400,36,14.08,218.99,3,0,0,0,0,0.128,False,True,True,False,False,False,False,False,False,False,False,True,False,False,False,False,False,False,True,False
10.0,132000.0,7.5,0.0,0.0,0,999.0,1997,3,22,4,56436,27485,0,0,999.0,0,0,1,4,1.0,4,0.0,0,2,24600,11,2,2,6,100.0,0,0,5000,36,7.97,156.62,1,0,0,0,0,0.03787878787878788,False,False,False,True,False,False,False,False,False,False,True,False,False,False,False,False,False,False,True,False
10.0,35000.0,13.07,0.0,0.0,1,15.0,2006,0,19,11,31400,12548,0,0,999.0,0,0,1,4,999.0,11,0.0,0,3,14200,18,10,7,0,94.7,0,0,15000,60,19.03,389.36,4,1,0,1,0,0.42857142857142855,False,True,False,False,False,True,False,False,False,False,False,False,False,False,False,False,False,False,True,False
10.0,148650.0,0.53,0.0,0.0,0,999.0,1991,5,28,15,789400,4078,0,0,999.0,0,0,0,5,1.0,15,0.0,0,2,101400,16,13,2,7,100.0,0,0,40000,60,7.35,798.67,1,0,0,0,0,0.2690884628321561,False,False,False,True,False,True,False,False,False,False,False,False,False,False,False,False,False,False,True,False
3.0,110000.0,18.69,0.0,0.0,0,999.0,2003,0,19,9,326391,99193,0,0,999.0,0,0,4,7,13.0,9,0.0,0,1,8500,7,4,3,3,100.0,0,0,10000,36,15.04,346.85,3,1,0,0,0,0.09090909090909091,False,True,False,False,False,True,False,False,False,False,False,False,False,False,False,False,False,False,True,False
10.0,130000.0,8.45,0.0,0.0,0,999.0,2007,5,26,15,54100,23537,0,0,999.0,0,0,2,9,4.0,15,0.0,0,3,16100,13,12,5,0,100.0,0,0,18000,60,20.0,476.89,4,0,0,0,0,0.13846153846153847,False,True,False,False,False,False,False,True,False,False,False,False,False,False,False,False,False,False,True,False
10.0,115000.0,21.26,0.0,0.0,0,70.0,2005,2,33,15,479629,111862,0,0,999.0,0,75,5,7,3.0,15,0.0,0,3,22900,20,9,5,1,97.0,0,0,14000,60,16.01,340.53,3,0,0,1,0,0.12173913043478261,True,False,False,False,False,True,False,False,False,False,False,False,False,False,False,False,False,False,True,False
7.0,126049.0,18.11,0.0,0.0,0,999.0,2000,3,45,14,561767,214234,0,0,999.0,0,0,3,5,0.0,14,0.0,0,3,31400,15,10,10,2,100.0,0,0,7000,36,14.08,239.52,3,1,0,0,0,0.055533959015938245,False,False,True,False,False,False,False,False,False,False,False,False,False,True,False,False,False,False,True,False
3.0,45000.0,8.83,0.0,0.0,0,37.0,2003,5,28,15,162000,11879,1,0,999.0,0,1317,0,6,4.0,15,0.0,0,3,24600,21,14,4,3,100.0,0,0,16000,60,15.05,381.06,3,0,0,1,0,0.35555555555555557,False,False,False,True,False,True,False,False,False,False,False,False,False,False,False,False,False,False,True,False
10.0,60000.0,13.91,0.0,0.0,0,999.0,2006,1,14,8,255304,31461,0,0,999.0,0,0,2,2,2.0,8,0.0,0,2,30500,7,5,3,2,100.0,0,0,12600,36,5.32,379.45,1,0,0,0,0,0.21,False,False,False,False,False,True,False,False,False,False,False,False,False,False,False,False,False,False,True,False
10.0,120000.0,17.23,0.0,0.0,0,999.0,1999,0,28,10,162525,39201,0,0,999.0,0,0,2,4,17.0,10,0.0,0,2,70000,18,8,2,2,100.0,0,0,10000,36,5.32,301.15,1,0,0,0,0,0.08333333333333333,True,False,False,False,False,False,True,False,False,False,False,False,False,False,False,False,False,False,True,False
4.0,60000.0,30.6,0.0,0.0,0,36.0,2006,3,22,15,205134,35136,1,0,43.0,0,191,3,9,5.0,15,0.0,0,4,7300,15,11,6,2,77.3,0,0,16000,36,16.02,562.68,3,0,0,1,1,0.26666666666666666,False,False,True,False,True,False,False,False,False,False,False,False,False,False,False,False,False,False,True,False
3.0,75000.0,5.04,0.0,0.0,0,999.0,1997,1,15,10,95500,6084,0,0,999.0,0,0,1,2,4.0,10,0.0,0,3,85200,12,9,4,0,100.0,0,0,3500,36,5.31,105.39,1,0,0,0,0,0.04666666666666667,False,True,False,False,False,False,False,False,False,False,False,False,False,False,False,False,False,False,True,False
8.0,175000.0,0.35,0.0,0.0,0,999.0,1999,0,5,5,30300,796,0,0,999.0,0,0,0,1,14.0,5,0.0,0,2,30300,5,5,2,0,100.0,0,0,15000,36,13.59,509.69,3,1,0,0,0,0.08571428571428572,False,True,False,True,False,False,False,False,True,False,False,False,False,False,False,False,False,False,True,False
10.0,258000.0,10.8,0.0,0.0,0,999.0,2005,12,17,12,157247,99047,0,0,999.0,0,0,5,3,0.0,12,0.0,0,5,43000,9,7,6,1,100.0,0,0,30000,36,17.09,1070.93,4,1,0,0,0,0.11627906976744186,False,False,False,True,False,True,False,False,False,False,False,False,False,False,False,False,False,False,False,False
10.0,280000.0,0.06,0.0,0.0,0,999.0,2005,1,25,4,316981,13,0,1,999.0,0,0,0,3,3.0,4,0.0,0,1,3400,6,3,1,6,100.0,0,1,40000,36,10.91,1307.85,2,0,0,0,0,0.14285714285714285,False,False,True,False,False,False,True,False,False,False,False,False,False,False,False,False,False,False,True,False
6.0,32000.0,10.92,0.0,0.0,0,999.0,1965,7,32,14,219900,12653,0,0,999.0,0,0,0,5,0.0,14,0.0,0,3,19400,23,13,4,8,100.0,0,0,12000,36,11.99,398.52,2,0,0,0,0,0.375,False,False,False,True,False,True,False,False,False,False,False,False,False,False,False,False,False,False,True,False
10.0,100000.0,31.48,200000.0,18.43,0,999.0,1997,1,21,16,392251,96255,0,0,999.0,0,0,9,6,6.0,16,0.0,0,3,14500,10,6,6,1,100.0,0,0,35000,36,24.85,1388.82,5,0,1,0,0,0.35,False,False,False,False,False,True,False,False,False,False,False,False,False,False,True,True,False,False,False,False
4.0,40000.0,8.79,0.0,0.0,0,999.0,2000,5,12,11,25700,8425,0,0,999.0,0,7623,0,5,8.0,11,0.0,0,2,11600,12,11,6,0,100.0,0,0,6000,36,11.99,199.26,2,0,0,0,0,0.15,False,True,True,False,False,False,False,False,False,False,False,True,False,False,False,False,False,False,True,False
10.0,175000.0,10.79,0.0,0.0,0,82.0,1995,1,24,12,602937,94690,0,0,999.0,0,185,2,7,7.0,12,0.0,0,3,61700,13,9,3,2,95.7,0,0,35000,60,9.93,742.45,2,0,0,1,0,0.2,False,False,True,False,True,False,False,False,False,False,False,False,False,False,False,False,False,False,True,False
10.0,69000.0,27.43,0.0,0.0,0,78.0,1994,2,9,6,77525,49053,0,0,78.0,0,0,3,2,1.0,6,0.0,0,2,30500,5,3,2,0,88.9,0,0,11000,36,12.62,368.63,3,0,0,1,1,0.15942028985507245,False,True,False,False,False,True,False,False,False,False,False,False,False,False,False,False,False,False,True,False
4.0,102000.0,21.59,0.0,0.0,0,999.0,2010,5,19,15,394039,102500,0,1,999.0,0,0,2,8,0.0,15,0.0,0,3,26600,13,12,7,1,100.0,0,1,10000,36,16.02,351.67,3,0,0,0,0,0.09803921568627451,False,False,True,False,False,False,False,False,False,False,False,True,False,False,False,False,False,False,False,False
10.0,150000.0,35.0,0.0,0.0,0,37.0,1997,0,51,29,381206,183352,0,0,999.0,0,0,4,3,999.0,29,0.0,0,12,124100,34,24,13,5,98.0,0,0,35000,36,16.01,1230.67,3,0,0,1,0,0.23333333333333334,False,False,False,True,False,True,False,False,False,False,False,False,False,False,False,False,False,False,False,False
9.0,110000.0,19.32,0.0,0.0,2,8.0,1998,1,37,18,326649,40522,0,0,999.0,0,0,7,7,11.0,18,0.0,0,5,57800,17,10,6,4,94.4,0,0,25000,36,6.71,768.62,1,1,0,1,0,0.22727272727272727,False,False,False,False,False,True,False,False,False,False,False,False,False,False,False,False,False,False,True,False
5.0,40000.0,11.55,0.0,0.0,0,999.0,2000,7,11,9,22124,13802,0,0,999.0,0,0,1,9,0.0,9,0.0,0,2,6100,10,8,3,0,100.0,0,0,8000,36,13.59,271.84,3,0,0,0,0,0.2,False,False,True,False,True,False,False,False,False,False,False,False,False,False,False,False,False,False,True,False
6.0,55000.0,17.96,0.0,0.0,0,999.0,2013,3,13,8,129883,44120,0,0,999.0,0,0,1,6,4.0,8,0.0,0,5,19700,6,6,5,1,100.0,0,0,10000,36,10.9,326.92,2,0,0,0,0,0.18181818181818182,False,False,False,True,False,True,False,False,False,False,False,False,False,False,False,False,False,False,True,False
0.0,25000.0,16.23,0.0,0.0,0,31.0,2004,3,22,7,20800,9963,0,0,999.0,0,0,1,1,8.0,7,0.0,0,1,9900,10,6,1,0,90.0,0,0,4000,36,14.08,136.87,3,0,0,1,0,0.16,False,True,False,False,True,False,False,False,False,False,False,False,False,False,False,False,False,False,True,False
2.0,79500.0,17.8,0.0,0.0,0,999.0,1989,1,46,12,155991,115711,0,0,999.0,0,0,2,7,3.0,12,0.0,0,6,38300,18,10,10,2,100.0,0,0,12000,36,6.72,369.0,1,1,0,0,0,0.1509433962264151,False,True,False,False,False,True,False,False,False,False,False,False,False,False,False,False,False,False,True,False
10.0,95000.0,17.16,0.0,0.0,0,999.0,1996,0,35,7,66439,52753,0,0,999.0,0,0,2,1,999.0,7,0.0,0,4,16100,7,4,4,0,100.0,0,0,18000,36,12.61,603.12,3,1,0,0,0,0.18947368421052632,False,True,True,False,False,True,False,False,False,False,False,False,False,False,False,False,False,False,True,False
10.0,48000.0,28.38,0.0,0.0,0,26.0,2003,2,47,23,165555,61469,0,0,999.0,0,0,6,3,4.0,23,0.0,0,4,29300,29,16,6,2,100.0,0,0,16000,36,6.07,487.26,1,0,0,1,0,0.3333333333333333,False,False,True,False,False,True,False,False,False,False,False,False,False,False,False,False,False,False,False,True
10.0,72000.0,28.04,0.0,0.0,0,43.0,1997,1,34,15,275294,48069,0,0,999.0,0,0,3,5,11.0,15,0.0,0,3,60700,23,11,5,3,97.1,0,0,8300,36,10.41,269.42,2,0,0,1,0,0.11527777777777778,False,False,False,False,False,True,False,False,False,False,False,False,False,False,False,False,False,False,True,False
2.0,35200.0,1.93,0.0,0.0,0,999.0,2001,0,3,3,25500,2885,0,0,999.0,0,0,0,1,999.0,3,0.0,0,2,24000,3,3,2,0,100.0,0,0,10400,36,14.08,355.86,3,1,0,0,0,0.29545454545454547,False,True,False,True,False,False,False,False,False,False,False,False,False,False,False,False,False,False,True,False
7.0,25000.0,21.36,0.0,0.0,0,999.0,2000,6,26,3,24698,17465,0,0,999.0,0,0,2,3,3.0,3,0.0,0,0,0,12,1,0,1,100.0,0,0,12000,60,16.02,291.95,3,0,0,0,0,0.48,False,False,False,True,False,False,False,False,False,False,False,True,False,False,False,False,False,False,True,False
5.0,120000.0,8.05,0.0,0.0,2,16.0,2008,5,26,7,68200,30329,0,0,24.0,0,0,1,1,2.0,7,0.0,0,2,22700,11,6,2,0,87.5,0,0,16000,60,18.06,406.82,4,0,0,1,1,0.13333333333333333,False,True,True,False,False,True,False,False,False,False,False,False,False,False,False,False,False,False,True,False
10.0,83500.0,30.06,0.0,0.0,0,999.0,1986,4,39,17,509582,96556,0,0,999.0,0,0,3,10,3.0,17,0.0,0,4,72600,24,11,6,5,100.0,0,0,11200,60,7.97,226.94,1,0,0,0,0,0.1341317365269461,False,False,True,False,False,True,False,False,False,False,False,False,False,False,False,False,False,False,True,True
3.0,55000.0,18.31,0.0,0.0,0,30.0,1977,3,22,10,81878,30342,0,0,999.0,0,174,1,8,3.0,10,0.0,0,4,49800,15,9,5,0,95.5,0,0,10000,36,7.97,313.23,1,0,0,1,0,0.18181818181818182,False,False,False,False,True,False,False,False,False,False,False,False,False,False,False,False,False,False,True,False
2.0,98700.0,12.04,0.0,0.0,0,40.0,2007,1,16,11,253203,18901,0,0,40.0,0,0,3,7,11.0,11,0.0,0,4,6600,7,6,5,3,87.5,0,0,40000,36,10.91,1307.85,2,0,0,1,1,0.40526849037487334,False,False,True,False,False,False,True,False,False,False,False,False,False,False,False,False,False,False,True,False
10.0,43200.0,14.0,0.0,0.0,1,19.0,1989,0,8,5,18871,9935,0,0,999.0,0,0,2,4,22.0,5,0.0,0,1,4500,5,3,1,0,87.5,0,0,5000,36,11.99,166.05,2,0,0,1,0,0.11574074074074074,True,False,False,False,False,True,False,False,False,False,False,False,False,False,False,False,False,False,True,False
10.0,52000.0,2.35,146000.0,10.87,0,999.0,1999,1,25,11,421597,3465,0,0,999.0,0,0,0,5,3.0,11,0.0,0,2,26700,16,10,2,2,100.0,0,0,20000,60,9.44,419.46,2,0,1,0,0,0.38461538461538464,True,False,True,False,False,False,True,False,False,False,False,False,False,False,True,True,False,False,True,False
7.0,74620.0,0.45,0.0,0.0,0,999.0,2000,1,16,3,209500,2860,0,0,999.0,0,0,0,1,10.0,3,0.0,0,1,8500,4,2,1,4,100.0,0,0,18000,36,9.92,580.14,2,1,0,0,0,0.24122219244170465,True,False,True,False,False,False,False,True,False,False,False,False,False,False,False,False,False,False,False,False
2.0,16000.0,8.33,32000.0,5.77,0,999.0,1996,2,11,10,48465,51447,0,0,999.0,0,0,7,4,1.0,10,0.0,0,3,4200,4,3,3,0,100.0,0,0,1750,36,20.0,65.04,4,0,1,0,0,0.109375,True,False,False,False,False,False,False,False,False,False,False,True,False,False,True,True,False,False,True,False
6.0,30000.0,34.8,0.0,0.0,0,999.0,2008,3,23,14,138727,19084,0,0,999.0,0,120,4,5,1.0,14,0.0,0,1,18500,11,9,1,1,100.0,0,0,13825,60,16.01,336.28,3,0,0,0,0,0.4608333333333333,False,False,False,True,False,True,False,False,False,False,False,False,False,False,False,False,False,False,True,False
10.0,63000.0,14.38,110000.0,18.19,1,11.0,2007,1,13,10,368007,24075,0,1,999.0,0,0,2,1,4.0,10,0.0,0,2,6900,8,7,4,2,92.3,0,1,10000,36,11.98,332.05,2,1,1,1,0,0.15873015873015872,False,False,True,False,False,True,False,False,False,False,False,False,False,False,True,True,False,False,True,False
0.0,40000.0,19.26,0.0,0.0,0,999.0,2002,2,22,16,135310,66398,0,0,999.0,0,0,11,5,7.0,16,0.0,0,2,12700,6,4,3,3,100.0,0,0,3500,36,7.35,108.64,1,0,0,0,0,0.0875,False,False,True,False,True,False,False,False,False,False,False,False,False,False,False,False,False,False,True,False
0.0,80000.0,11.47,0.0,0.0,0,999.0,2006,2,20,11,409149,31904,0,1,999.0,0,0,5,3,0.0,11,0.0,0,3,6800,5,5,5,3,100.0,0,1,25000,60,16.02,608.22,3,1,0,0,0,0.3125,False,False,False,True,False,True,False,False,False,False,False,False,False,False,False,False,False,False,True,False
10.0,122000.0,14.69,0.0,0.0,0,27.0,1994,6,26,21,463448,38149,0,3,27.0,0,61,1,15,0.0,21,0.0,0,8,38300,20,17,10,1,73.1,3,0,20000,60,19.03,519.15,4,0,0,1,1,0.16393442622950818,False,True,True,False,False,False,True,False,False,False,False,False,False,False,False,False,False,False,True,False
6.0,108000.0,24.34,0.0,0.0,0,39.0,2008,7,28,17,399377,98220,0,0,56.0,0,140,6,12,5.0,17,0.0,0,4,19200,13,10,7,2,82.1,0,0,18000,36,19.03,660.09,4,0,0,1,1,0.16666666666666666,False,False,False,False,False,True,False,False,False,False,False,False,False,False,False,False,False,False,False,False
4.0,175000.0,11.59,0.0,0.0,0,999.0,2000,0,23,7,149274,102445,0,0,999.0,0,0,2,0,999.0,7,0.0,0,3,28400,7,5,5,3,100.0,0,0,32000,36,6.08,974.67,1,0,0,0,0,0.18285714285714286,True,False,True,False,False,True,False,False,False,False,False,False,False,False,False,False,False,False,True,False
4.0,25000.0,8.35,0.0,0.0,0,999.0,2001,1,11,7,51900,6705,0,0,999.0,0,0,0,7,8.0,7,0.0,0,3,38500,10,7,5,1,100.0,0,0,2000,36,7.96,62.64,1,1,0,0,0,0.08,True,False,True,False,False,True,False,False,False,False,False,False,False,False,False,False,False,False,True,False
10.0,100000.0,13.56,0.0,0.0,1,19.0,2005,1,32,18,132739,60189,0,0,999.0,0,0,1,5,12.0,18,0.0,0,6,77200,26,16,8,0,96.9,0,0,40000,60,17.09,996.04,4,1,0,1,0,0.4,False,False,False,False,False,True,False,False,False,False,False,False,False,False,False,False,False,False,True,False
10.0,110000.0,12.91,0.0,0.0,0,58.0,1999,1,17,6,177530,4537,0,0,60.0,0,309,1,5,9.0,6,0.0,0,1,10800,8,4,1,7,87.5,0,0,35000,60,21.45,955.75,4,0,0,1,1,0.3181818181818182,False,False,False,True,False,False,False,True,False,False,False,False,False,False,False,False,False,False,True,False
1.0,40000.0,25.89,0.0,0.0,0,34.0,2001,2,16,12,115209,15723,0,0,999.0,0,0,2,5,7.0,12,0.0,0,6,10800,13,9,9,1,87.5,0,0,15000,36,14.08,513.25,3,0,0,1,0,0.375,False,False,False,False,False,True,False,False,False,False,False,False,False,False,False,False,False,False,False,False
5.0,185000.0,11.85,0.0,0.0,0,999.0,2000,3,37,21,989063,124430,0,0,999.0,0,585,2,7,2.0,21,0.0,0,9,141500,22,17,9,8,100.0,0,0,40000,36,9.43,1280.01,2,0,0,0,0,0.21621621621621623,True,False,True,False,False,False,True,False,False,False,False,False,False,False,False,False,False,False,True,False
10.0,114000.0,20.77,0.0,0.0,2,10.0,2002,2,27,17,456450,88495,0,0,999.0,0,0,1,4,2.0,17,0.0,0,9,57600,20,15,11,3,92.6,0,0,35000,60,15.05,833.57,3,0,0,1,0,0.30701754385964913,False,False,True,False,False,True,False,False,False,False,False,False,False,False,False,False,False,False,True,True
10.0,147000.0,30.51,0.0,0.0,0,75.0,2000,1,38,22,515401,99182,0,0,999.0,0,0,5,8,6.0,22,0.0,0,5,88700,22,16,6,5,97.2,0,0,22175,60,13.59,511.28,3,1,0,1,0,0.15085034013605442,False,False,False,False,False,True,False,False,False,False,False,False,False,False,False,False,False,False,True,False
10.0,40000.0,17.04,0.0,0.0,0,999.0,2001,1,10,4,30574,23648,0,0,999.0,0,0,1,2,1.0,4,0.0,0,1,9000,6,3,1,0,100.0,0,0,8800,36,10.42,285.69,2,0,0,0,0,0.22,False,True,False,False,True,False,False,False,False,False,False,False,False,False,False,False,False,False,True,False
10.0,85000.0,14.42,0.0,0.0,0,999.0,1994,8,37,29,86575,39642,0,0,999.0,0,0,1,16,1.0,29,0.0,0,11,33800,34,28,14,0,100.0,0,0,20400,60,21.45,557.07,4,0,0,0,0,0.24,True,False,True,False,False,True,False,False,False,False,False,False,False,False,False,False,False,False,True,False
10.0,95000.0,30.33,0.0,0.0,0,999.0,1995,1,20,10,127900,95258,0,0,999.0,0,0,2,4,7.0,10,0.0,0,2,34500,12,8,6,3,100.0,0,0,25000,36,26.3,1011.27,5,1,0,0,0,0.2631578947368421,False,True,False,False,False,True,False,False,False,False,False,False,False,False,False,False,False,False,True,False
2.0,131000.0,23.8,266000.0,26.29,0,46.0,1997,3,41,14,139836,79201,0,0,50.0,0,2573,3,7,4.0,14,0.0,0,3,39000,31,11,3,2,68.3,0,0,24750,60,26.77,752.36,5,1,1,1,1,0.18893129770992367,False,False,True,False,False,True,False,False,False,False,False,False,False,False,True,True,False,False,False,False
1.0,58800.0,24.03,0.0,0.0,1,12.0,2006,2,25,7,175364,40905,0,0,24.0,0,0,1,4,4.0,7,0.0,0,2,20500,11,5,5,1,87.5,0,0,16000,36,14.07,547.39,3,0,0,1,1,0.272108843537415,True,False,True,False,False,True,False,False,False,False,False,False,False,False,False,False,False,False,True,False
5.0,65000.0,11.27,0.0,0.0,0,34.0,1989,1,35,20,256974,15778,0,0,999.0,0,0,2,4,10.0,20,0.0,0,6,44800,26,17,7,1,91.2,0,0,10000,36,6.71,307.45,1,0,0,1,0,0.15384615384615385,False,False,False,False,False,True,False,False,False,False,False,False,False,False,False,False,False,False,True,False
6.0,76760.0,7.7,0.0,0.0,0,999.0,1996,0,19,7,307017,10174,0,1,999.0,0,0,1,2,14.0,7,0.0,0,2,7500,16,5,5,1,100.0,0,1,5000,36,9.44,160.03,2,0,0,0,0,0.06513809275664409,False,False,True,False,False,False,False,False,False,False,False,True,False,False,False,False,False,False,True,False
6.0,19000.0,24.88,34000.0,33.06,0,999.0,2007,1,23,8,19600,8536,0,0,999.0,0,0,0,2,7.0,7,0.0,0,1,3400,17,8,4,0,100.0,0,0,10800,60,12.62,243.64,3,1,1,0,0,0.5684210526315789,True,False,False,False,False,False,False,False,False,True,False,False,False,False,True,True,False,False,True,False
4.0,33000.0,25.45,0.0,0.0,0,38.0,2006,5,53,29,65378,26020,0,1,999.0,0,0,6,9,2.0,29,0.0,0,2,15600,32,23,3,0,98.1,0,1,13200,60,19.03,342.64,4,0,0,1,0,0.4,False,True,False,True,False,True,False,False,False,False,False,False,False,False,False,False,False,False,True,False
6.0,30000.0,34.05,0.0,0.0,0,79.0,2008,2,26,14,43845,28211,0,0,79.0,0,0,8,5,11.0,14,0.0,0,3,9800,11,6,5,0,96.2,0,0,9000,36,13.59,305.81,3,0,0,1,1,0.3,True,False,True,False,True,False,False,False,False,False,False,False,False,False,False,False,False,False,False,False
3.0,30000.0,15.36,96000.0,23.82,0,999.0,2011,3,6,6,30805,12687,0,0,999.0,0,127,1,4,12.0,6,0.0,0,1,14500,5,5,2,0,100.0,0,0,16800,36,20.39,627.7,4,0,1,0,0,0.56,False,True,True,False,True,False,False,False,False,False,False,False,False,False,True,False,True,False,True,False
10.0,58000.0,12.44,0.0,0.0,0,999.0,2007,2,26,15,37100,15382,0,0,999.0,0,0,1,13,4.0,15,0.0,0,5,17300,17,14,10,0,100.0,0,0,10200,36,15.04,353.79,3,0,0,0,0,0.17586206896551723,False,False,True,False,False,True,False,False,False,False,False,False,False,False,False,False,False,False,False,False
10.0,120000.0,12.57,0.0,0.0,0,999.0,1991,1,26,12,81266,38881,0,0,999.0,0,0,2,4,7.0,12,0.0,0,6,35300,22,10,7,0,100.0,0,0,22225,36,9.43,711.21,2,0,0,0,0,0.18520833333333334,False,True,False,False,False,True,False,False,False,False,False,False,False,False,False,False,False,False,False,False
5.0,275000.0,14.2,0.0,0.0,0,999.0,1987,3,12,10,1088276,232693,0,0,999.0,0,0,3,2,2.0,10,0.0,0,1,30000,6,5,4,1,100.0,0,0,30000,60,9.44,629.18,2,0,0,0,0,0.10909090909090909,True,False,False,True,False,True,False,False,False,False,False,False,False,False,False,False,False,False,True,False
10.0,85000.0,14.82,0.0,0.0,0,28.0,2001,0,43,13,304615,51172,0,0,999.0,0,0,1,5,13.0,13,0.0,0,2,10500,23,11,6,1,95.3,0,0,10000,36,7.97,313.23,1,0,0,1,0,0.11764705882352941,False,False,False,False,False,True,False,False,False,False,False,False,False,False,False,False,False,False,True,False
0.0,22560.0,7.93,0.0,0.0,0,30.0,2004,2,12,4,12300,5683,0,0,30.0,0,0,1,3,0.0,4,0.0,0,1,6000,8,3,2,2,83.3,0,0,5000,36,21.45,189.54,4,1,0,1,1,0.22163120567375885,False,True,False,True,False,False,False,False,False,False,False,True,False,False,False,False,False,False,True,False
2.0,76000.0,23.57,0.0,0.0,0,999.0,1993,2,19,7,109479,58102,0,0,999.0,0,0,2,3,4.0,7,0.0,0,5,61800,8,5,5,2,100.0,0,0,10500,60,12.62,236.87,3,1,0,0,0,0.13815789473684212,False,True,False,False,False,False,False,False,False,False,False,False,False,False,False,False,False,False,True,False
10.0,70000.0,11.18,0.0,0.0,1,10.0,1995,3,30,10,196499,29963,0,0,999.0,0,0,2,3,7.0,10,0.0,0,0,0,15,7,0,5,96.6,0,0,20000,60,9.92,424.16,2,0,0,1,0,0.2857142857142857,False,False,False,False,False,False,True,False,False,False,False,False,False,False,False,False,False,False,True,False
9.0,114416.0,3.3,0.0,0.0,0,999.0,2004,2,13,7,605065,13185,0,0,999.0,0,0,0,4,3.0,7,0.0,0,3,80800,7,5,3,3,100.0,0,0,16000,36,5.32,481.84,1,0,0,0,0,0.13984058173682,False,False,True,False,False,True,False,False,False,False,False,False,False,False,False,False,False,False,True,False
10.0,39000.0,8.74,0.0,0.0,0,999.0,2004,3,26,6,246974,8401,0,1,999.0,0,0,1,4,1.0,6,0.0,0,1,8800,17,4,1,1,100.0,0,1,2500,36,10.42,81.17,2,0,0,0,0,0.0641025641025641,False,False,False,True,False,False,False,False,True,False,False,False,False,False,False,False,False,False,True,False
0.0,80000.0,16.94,0.0,0.0,0,24.0,2005,1,20,9,197299,56363,0,0,999.0,0,0,2,4,2.0,9,0.0,0,4,11900,9,6,6,1,85.0,0,0,4500,36,9.44,144.03,2,0,0,1,0,0.05625,False,False,False,False,False,True,False,False,False,False,False,False,False,False,False,False,False,False,True,False
9.0,48391.0,22.69,0.0,0.0,0,999.0,2006,1,25,13,290649,54576,0,0,999.0,0,0,1,4,3.0,13,0.0,0,7,61300,18,11,8,2,100.0,0,0,5000,36,15.05,173.45,3,0,0,0,0,0.10332499845012502,False,False,False,True,False,False,False,False,False,False,False,False,True,False,False,False,False,False,True,False
1.0,58800.0,14.43,68800.0,14.98,0,999.0,2008,0,20,7,133176,28613,0,0,999.0,0,0,3,4,999.0,7,0.0,0,2,5400,7,3,2,3,100.0,0,0,1000,36,13.59,33.98,3,0,1,0,0,0.017006802721088437,False,True,False,True,False,False,False,False,False,False,False,True,False,False,True,True,False,False,True,False
10.0,97500.0,25.81,203000.0,18.02,0,68.0,2009,2,18,11,426332,64048,0,1,999.0,0,0,3,7,5.0,11,0.0,0,2,21300,12,7,4,1,94.4,0,1,35000,60,15.05,833.57,3,0,1,1,0,0.358974358974359,False,False,False,False,False,True,False,False,False,False,False,False,False,False,True,True,False,False,True,False
10.0,95000.0,21.96,0.0,0.0,0,999.0,2001,1,35,16,100805,83640,0,1,999.0,0,0,3,8,6.0,16,0.0,0,5,7800,21,13,12,2,100.0,0,1,6000,36,10.42,194.79,2,0,0,0,0,0.06315789473684211,False,True,False,False,False,True,False,False,False,False,False,False,False,False,False,False,False,False,False,False
10.0,38000.0,23.37,0.0,0.0,0,50.0,1997,3,20,9,87429,56179,1,0,50.0,0,230,2,11,7.0,9,0.0,0,2,26800,13,7,3,0,100.0,0,0,3000,36,16.02,105.51,3,0,0,1,1,0.07894736842105263,True,False,False,True,False,False,False,False,False,False,False,True,False,False,False,False,False,False,False,False
6.0,60000.0,20.7,0.0,0.0,1,66.0,2004,2,15,5,54134,50160,0,0,24.0,0,0,1,3,5.0,4,0.0,0,3,10000,7,3,3,2,73.0,0,0,15000,60,12.61,338.31,3,0,0,1,1,0.25,False,True,False,True,True,False,False,False,False,False,False,False,False,False,False,False,False,False,True,False
6.0,110000.0,8.25,0.0,0.0,0,999.0,2010,5,4,4,31066,23527,0,0,999.0,0,98,2,2,7.0,4,0.0,0,2,11000,2,2,2,0,100.0,0,0,40000,60,16.02,973.15,3,0,0,0,0,0.36363636363636365,False,True,True,False,False,True,False,False,False,False,False,False,False,False,False,False,False,False,True,False
0.0,68700.0,46.83,138700.0,24.27,0,999.0,2001,6,32,15,401147,161518,0,0,999.0,0,0,3,10,1.0,15,0.0,0,1,34200,14,11,2,3,100.0,0,0,23550,36,7.97,737.65,1,0,1,0,0,0.34279475982532753,False,False,True,False,False,True,False,False,False,False,False,False,False,False,True,False,True,False,True,False
5.0,40000.0,37.8,65000.0,26.6,0,999.0,2007,4,20,11,298488,66656,0,0,999.0,0,0,4,6,5.0,11,0.0,0,1,3500,8,6,4,4,100.0,0,0,10000,60,30.65,327.54,6,0,1,0,0,0.25,False,False,True,False,False,True,False,False,False,False,False,False,False,False,True,False,True,False,True,False
6.0,9600.0,3.38,26400.0,37.27,1,18.0,1987,0,10,5,11500,107,0,0,999.0,0,0,0,0,999.0,5,0.0,0,1,11500,10,5,1,0,70.0,0,0,8425,36,22.9,325.7,5,0,1,1,0,0.8776041666666666,True,False,False,True,False,True,False,False,False,False,False,False,False,False,True,False,False,True,False,False
3.0,65000.0,8.07,0.0,0.0,0,999.0,2004,2,6,4,88878,18026,0,0,999.0,0,0,2,1,7.0,4,0.0,0,0,0,2,1,1,1,100.0,0,0,30000,60,14.08,699.3,3,1,0,0,0,0.46153846153846156,False,False,False,True,False,False,True,False,False,False,False,False,False,False,False,False,False,False,True,False
3.0,75000.0,22.23,0.0,0.0,0,999.0,2006,4,21,8,65636,44348,0,0,999.0,0,0,2,2,2.0,8,0.0,0,5,27500,14,6,5,0,100.0,0,0,19000,36,16.02,668.18,3,0,0,0,0,0.25333333333333335,False,False,False,False,True,False,False,False,False,False,False,False,False,False,False,False,False,False,False,False
10.0,105000.0,11.04,0.0,0.0,0,999.0,2003,4,27,9,95297,43280,0,1,999.0,0,0,1,6,1.0,9,0.0,0,3,30000,10,8,4,1,100.0,0,1,10000,36,6.72,307.5,1,0,0,0,0,0.09523809523809523,False,True,False,False,False,True,False,False,False,False,False,False,False,False,False,False,False,False,True,False
9.0,25000.0,21.99,0.0,0.0,0,999.0,2008,2,13,8,177151,9722,0,0,999.0,0,0,1,1,11.0,8,0.0,0,3,51000,8,6,3,2,100.0,0,0,3000,36,6.72,92.25,1,0,0,0,0,0.12,False,False,False,True,False,False,True,False,False,False,False,False,False,False,False,False,False,False,True,False
3.0,82000.0,10.84,0.0,0.0,0,999.0,1999,1,41,13,214590,33538,0,0,999.0,0,0,2,4,11.0,13,0.0,0,1,29000,23,10,5,3,100.0,0,0,11500,36,6.07,350.22,1,0,0,0,0,0.1402439024390244,False,False,False,False,False,True,False,False,False,False,False,False,False,False,False,False,False,False,True,False
8.0,84000.0,35.43,157000.0,23.71,2,20.0,1995,2,45,14,349090,130166,0,0,999.0,0,0,5,2,7.0,14,0.0,0,4,25500,18,8,6,3,88.9,0,0,32000,36,18.45,1164.12,4,0,1,1,0,0.38095238095238093,False,False,False,True,True,False,False,False,False,False,False,False,False,False,True,False,False,True,True,False
6.0,35000.0,18.24,100000.0,19.86,0,999.0,2011,0,12,3,33316,16741,0,0,999.0,0,0,1,0,999.0,3,0.0,0,2,16000,9,2,2,0,100.0,0,0,30000,60,30.17,973.74,6,0,1,0,0,0.8571428571428571,False,True,True,False,False,True,False,False,False,False,False,False,False,False,True,False,True,False,True,False
10.0,82500.0,40.89,140500.0,32.38,0,999.0,2000,1,37,11,425184,88775,0,0,999.0,0,0,2,3,7.0,11,0.0,0,3,53400,19,7,4,3,100.0,0,0,32000,60,12.62,721.89,3,0,1,0,0,0.3878787878787879,False,True,False,True,False,False,False,False,False,False,False,True,False,False,True,False,False,True,True,False
2.0,65000.0,25.76,0.0,0.0,0,31.0,2013,6,19,13,68796,43147,0,0,999.0,0,0,2,1,0.0,13,0.0,0,8,25200,16,11,9,0,94.7,0,0,25000,60,24.85,731.59,5,1,0,1,0,0.38461538461538464,False,True,True,False,False,False,False,False,False,False,False,True,False,False,False,False,False,False,True,False
0.0,45000.0,37.31,0.0,0.0,0,81.0,2005,3,25,16,151219,136005,0,0,999.0,0,98,11,7,0.0,16,0.0,0,3,21900,9,5,3,0,96.0,0,0,5100,36,23.88,199.77,5,1,0,1,0,0.11333333333333333,False,True,False,False,False,True,False,False,False,False,False,False,False,False,False,False,False,False,False,False
2.0,96000.0,23.48,0.0,0.0,0,999.0,1981,0,52,25,624266,106635,0,0,999.0,0,0,8,6,14.0,25,0.0,0,9,140800,31,16,10,6,100.0,0,0,40000,60,10.42,858.18,2,0,0,0,0,0.4166666666666667,False,False,False,True,False,True,False,False,False,False,False,False,False,False,False,False,False,False,True,False
10.0,70000.0,7.25,0.0,0.0,1,22.0,2012,2,6,3,17400,1642,1,0,22.0,0,383,2,2,0.0,3,0.0,0,0,1300,3,1,0,0,80.0,0,0,15000,36,18.06,542.74,4,1,0,1,1,0.21428571428571427,False,True,False,True,False,True,False,False,False,False,False,False,False,False,False,False,False,False,False,False
9.0,60000.0,18.62,0.0,0.0,0,999.0,1995,1,19,9,94540,16447,0,0,999.0,0,0,2,1,10.0,9,0.0,0,1,34500,16,7,3,0,100.0,0,0,9600,36,7.35,297.96,1,0,0,0,0,0.16,True,False,False,False,False,True,False,False,False,False,False,False,False,False,False,False,False,False,True,False
3.0,53400.0,14.09,0.0,0.0,0,999.0,2006,4,33,16,36500,26277,0,0,999.0,0,0,0,9,2.0,16,0.0,0,4,9300,23,16,9,0,100.0,0,0,26000,60,19.03,674.89,4,0,0,0,0,0.4868913857677903,False,True,False,True,False,True,False,False,False,False,False,False,False,False,False,False,False,False,True,False
10.0,63000.0,25.87,0.0,0.0,0,999.0,1996,0,28,10,185327,68709,0,0,999.0,0,0,2,1,17.0,10,0.0,0,0,28800,20,8,1,1,100.0,0,0,3600,36,6.08,109.65,1,0,0,0,0,0.05714285714285714,False,False,False,False,False,False,False,False,False,True,False,False,False,False,False,False,False,False,True,False
7.0,70000.0,14.51,0.0,0.0,0,35.0,1993,4,33,15,360585,173731,0,0,999.0,0,0,4,7,3.0,15,0.0,0,3,12000,12,9,7,2,87.5,0,0,6000,36,9.44,192.03,2,0,0,1,0,0.08571428571428572,False,False,True,False,False,True,False,False,False,False,False,False,False,False,False,False,False,False,False,False
10.0,185000.0,26.25,0.0,0.0,1,10.0,2000,2,30,15,717303,195516,0,0,999.0,0,0,2,5,7.0,15,0.0,0,8,67100,17,12,10,3,96.7,0,0,27300,60,26.77,829.87,5,0,0,1,0,0.14756756756756756,False,False,False,False,False,True,False,False,False,False,False,False,False,False,False,False,False,False,True,False
10.0,84000.0,29.64,0.0,0.0,0,38.0,2007,3,19,10,113121,86205,0,0,999.0,0,0,5,7,7.0,10,0.0,0,2,7800,5,5,3,0,89.5,0,0,8000,36,21.45,303.26,4,0,0,1,0,0.09523809523809523,False,True,False,True,False,True,False,False,False,False,False,False,False,False,False,False,False,False,True,False
9.0,90000.0,2.55,0.0,0.0,0,29.0,2013,1,10,9,8100,2258,0,0,999.0,0,67,0,1,9.0,9,0.0,0,2,2800,9,9,7,0,90.0,0,0,2000,36,9.92,64.46,2,0,0,1,0,0.022222222222222223,True,False,True,False,False,False,False,False,False,False,False,True,False,False,False,False,False,False,True,False
10.0,30000.0,24.52,0.0,0.0,0,999.0,1991,3,29,13,38832,22277,0,1,999.0,0,0,3,4,8.0,11,0.0,0,1,3600,21,10,1,0,100.0,0,1,2000,36,19.42,73.74,4,0,0,0,0,0.06666666666666667,True,False,True,False,False,False,False,False,False,False,False,True,False,False,False,False,False,False,True,False
10.0,53000.0,22.75,0.0,0.0,0,999.0,1998,3,28,16,45200,26375,0,1,999.0,0,721,1,7,7.0,16,0.0,0,3,13200,18,15,7,1,100.0,0,1,22000,36,17.09,785.35,4,0,0,0,0,0.41509433962264153,False,True,True,False,False,True,False,False,False,False,False,False,False,False,False,False,False,False,True,False
10.0,59000.0,4.86,0.0,0.0,0,31.0,1994,1,31,8,25100,8322,0,1,31.0,0,0,0,1,2.0,8,0.0,0,1,3400,24,8,4,1,80.6,0,1,20000,60,13.59,461.13,3,0,0,1,1,0.3389830508474576,False,True,True,False,False,True,False,False,False,False,False,False,False,False,False,False,False,False,True,False
6.0,77000.0,16.07,0.0,0.0,0,999.0,2013,2,7,6,63906,27354,0,0,999.0,0,0,2,5,2.0,6,0.0,0,2,15900,4,4,3,0,100.0,0,0,28000,60,24.85,819.38,5,0,0,0,0,0.36363636363636365,False,True,False,False,False,True,False,False,False,False,False,False,False,False,False,False,False,False,True,False
9.0,100000.0,22.54,0.0,0.0,0,999.0,1995,8,25,12,296356,68000,0,0,999.0,0,0,5,6,7.0,12,0.0,0,5,49500,6,6,5,2,100.0,0,0,16000,60,19.42,418.76,4,0,0,0,0,0.16,False,False,True,False,False,True,False,False,False,False,False,False,False,False,False,False,False,False,True,False
8.0,83000.0,0.36,0.0,0.0,0,39.0,2005,0,5,2,5500,129,0,0,39.0,0,0,0,1,21.0,2,0.0,0,1,5500,4,2,1,0,80.0,0,0,10000,36,7.97,313.23,1,0,0,1,1,0.12048192771084337,True,False,False,False,False,False,False,False,True,False,False,False,False,False,False,False,False,False,True,False
10.0,43000.0,22.55,0.0,0.0,0,999.0,2000,1,22,11,164140,17856,0,1,999.0,0,0,1,10,12.0,11,0.0,0,4,15100,16,9,5,2,100.0,0,1,10000,36,9.44,320.05,2,0,0,0,0,0.23255813953488372,False,False,False,True,True,False,False,False,False,False,False,False,False,False,False,False,False,False,True,False
7.0,80000.0,7.44,0.0,0.0,1,11.0,2005,0,42,12,425502,21944,0,0,999.0,0,571,1,4,17.0,12,0.0,0,0,18500,19,8,0,5,97.6,0,0,7500,36,7.34,232.75,1,0,0,1,0,0.09375,False,False,False,True,False,False,False,False,False,True,False,False,False,False,False,False,False,False,True,False
4.0,55000.0,14.41,0.0,0.0,0,38.0,2007,5,18,7,101100,18484,0,0,38.0,0,0,0,7,1.0,7,0.0,0,2,7000,8,5,4,5,94.1,0,0,22000,60,19.42,575.79,4,0,0,1,1,0.4,False,False,False,True,False,True,False,False,False,False,False,False,False,False,False,False,False,False,True,False
0.0,125000.0,23.98,0.0,0.0,2,12.0,2000,0,21,16,384119,137528,0,0,999.0,0,0,6,3,999.0,15,0.0,0,5,88700,10,9,6,2,85.7,0,0,36475,36,7.97,1142.49,1,1,0,1,0,0.2918,False,False,False,True,False,True,False,False,False,False,False,False,False,False,False,False,False,False,True,False
8.0,28100.0,23.15,0.0,0.0,0,999.0,2012,0,7,7,21326,13677,0,0,999.0,0,0,1,2,23.0,7,0.0,0,4,6600,6,6,6,0,100.0,0,0,12600,36,13.59,428.14,3,0,0,0,0,0.4483985765124555,True,False,False,True,False,True,False,False,False,False,False,False,False,False,False,False,False,False,False,False
10.0,92942.0,6.0,0.0,0.0,1,20.0,2000,0,22,10,230900,17993,0,0,999.0,0,0,0,2,999.0,10,0.0,0,4,34300,18,8,6,3,95.5,0,0,28500,60,11.98,633.68,2,0,0,1,0,0.30664285253168644,False,False,False,False,False,True,False,False,False,False,False,False,False,False,False,False,False,False,True,False
6.0,92465.0,12.94,0.0,0.0,0,31.0,2006,2,25,17,67798,42248,1,1,77.0,0,163,2,11,8.0,17,0.0,0,7,6400,17,15,13,0,91.7,0,1,7000,36,19.03,256.7,4,0,0,1,1,0.07570432055372303,False,True,False,False,True,False,False,False,False,False,False,False,False,False,False,False,False,False,False,False
10.0,51000.0,19.13,0.0,0.0,0,57.0,2002,7,29,14,53385,44829,0,0,57.0,0,0,4,15,0.0,14,0.0,0,2,1800,21,10,8,0,82.8,0,0,5200,36,18.45,189.17,4,0,0,1,1,0.10196078431372549,True,False,True,False,False,True,False,False,False,False,False,False,False,False,False,False,False,False,False,False
10.0,113500.0,31.08,0.0,0.0,0,47.0,2004,0,31,14,137071,80904,0,0,47.0,0,0,3,4,13.0,14,0.0,0,7,22600,17,11,8,2,93.3,0,0,16000,60,13.58,368.82,3,1,0,1,1,0.14096916299559473,False,True,False,False,True,False,False,False,False,False,False,False,False,False,False,False,False,False,True,False
7.0,72000.0,34.48,0.0,0.0,1,20.0,1993,3,33,13,349919,69329,0,1,20.0,0,0,4,9,8.0,13,0.0,0,3,11100,8,6,5,2,86.7,1,0,5000,36,9.44,160.03,2,0,0,1,1,0.06944444444444445,False,False,True,False,False,True,False,False,False,False,False,False,False,False,False,False,False,False,True,False
0.0,85000.0,8.89,0.0,0.0,0,999.0,2001,1,14,8,85500,35548,0,1,999.0,0,0,1,3,9.0,8,0.0,0,1,39300,9,7,2,1,100.0,0,1,35000,60,10.42,750.91,2,0,0,0,0,0.4117647058823529,True,False,True,False,False,False,False,False,False,False,False,True,False,False,False,False,False,False,True,False
10.0,60000.0,34.11,99000.0,26.5,0,999.0,2006,1,22,10,266436,72017,0,0,999.0,0,0,2,1,3.0,10,0.0,0,4,36400,10,7,4,5,100.0,0,0,40000,60,7.97,810.49,1,0,1,0,0,0.6666666666666666,False,False,False,True,False,True,False,False,False,False,False,False,False,False,True,False,False,False,True,True
1.0,41000.0,37.62,0.0,0.0,0,73.0,2004,1,16,11,111078,63026,0,1,999.0,0,178,3,3,6.0,11,0.0,0,4,35600,9,7,4,0,81.3,0,1,15000,36,15.05,520.35,3,0,0,1,0,0.36585365853658536,False,False,True,False,False,True,False,False,False,False,False,False,False,False,False,False,False,False,True,False
10.0,85000.0,13.14,0.0,0.0,1,23.0,2006,8,13,5,50970,29291,0,0,23.0,0,0,3,4,5.0,5,0.0,0,1,600,4,2,1,1,61.5,0,0,32000,60,17.09,796.84,4,1,0,1,1,0.3764705882352941,False,True,False,False,False,False,False,False,False,False,False,False,True,False,False,False,False,False,True,False
10.0,40765.0,37.94,0.0,0.0,0,52.0,2002,1,25,13,109458,68756,0,0,999.0,0,0,1,7,10.0,13,0.0,0,6,34000,20,12,7,0,96.0,0,0,4500,36,9.43,144.01,2,0,0,1,0,0.1103888139335214,False,True,False,False,True,False,False,False,False,False,False,False,False,False,False,False,False,False,True,False
5.0,150000.0,14.32,0.0,0.0,0,35.0,1992,3,11,7,96800,54464,0,0,38.0,0,0,2,2,1.0,7,0.0,0,3,32300,8,5,5,1,90.9,0,0,15000,36,7.97,469.84,1,0,0,1,1,0.1,False,False,False,False,False,True,False,False,False,False,False,False,False,False,False,False,False,False,True,False
10.0,97000.0,15.72,0.0,0.0,0,75.0,1997,1,50,23,139313,123792,0,1,75.0,0,0,14,9,11.0,23,0.0,0,3,19500,15,9,4,2,93.8,0,1,32000,60,12.62,721.89,3,0,0,1,1,0.32989690721649484,False,False,False,True,False,False,True,False,False,False,False,False,False,False,False,False,False,False,True,False
10.0,280000.0,13.27,0.0,0.0,0,999.0,2003,4,14,8,440499,192017,0,0,999.0,0,0,4,6,1.0,8,0.0,0,3,16300,4,3,3,2,100.0,0,0,35000,60,22.9,984.66,5,1,0,0,0,0.125,False,False,True,False,False,True,False,False,False,False,False,False,False,False,False,False,False,False,True,False
0.0,24000.0,16.15,0.0,0.0,0,64.0,2005,8,21,8,25999,18953,0,0,64.0,0,0,1,9,4.0,8,0.0,0,1,6500,14,7,1,0,95.2,0,0,13000,36,13.58,441.67,3,0,0,1,1,0.5416666666666666,False,True,False,True,False,False,False,False,False,False,False,True,False,False,False,False,False,False,True,False
0.0,182200.0,15.97,0.0,0.0,0,999.0,2002,6,65,15,283788,219582,0,0,999.0,0,0,4,8,4.0,15,0.0,0,3,95200,26,10,3,0,100.0,0,0,35000,60,18.06,889.92,4,0,0,0,0,0.19209659714599342,False,True,True,False,False,True,False,False,False,False,False,False,False,False,False,False,False,False,True,False
0.0,25000.0,2.88,0.0,0.0,0,999.0,1988,1,9,4,38500,1425,0,0,999.0,0,0,0,2,12.0,4,0.0,0,2,31000,7,4,2,1,100.0,0,0,10000,36,6.72,307.5,1,0,0,0,0,0.4,True,False,True,False,False,True,False,False,False,False,False,False,False,False,False,False,False,False,True,False
4.0,85000.0,13.63,0.0,0.0,0,999.0,2008,4,11,6,66901,40675,0,0,999.0,0,97,3,4,3.0,6,0.0,0,2,20000,3,3,3,0,100.0,0,0,4200,36,11.99,139.49,2,0,0,0,0,0.04941176470588235,False,True,False,False,False,False,False,False,False,False,False,True,False,False,False,False,False,False,True,False
1.0,500000.0,8.52,0.0,0.0,0,999.0,1993,1,16,9,1529377,112880,0,0,999.0,0,0,5,4,4.0,9,0.0,0,2,48800,4,2,2,2,100.0,0,0,12950,36,7.35,401.94,1,0,0,0,0,0.0259,False,False,True,False,False,True,False,False,False,False,False,False,False,False,False,False,False,False,True,False
10.0,89000.0,8.87,0.0,0.0,1,20.0,2001,5,28,11,222620,19584,0,0,65.0,0,0,1,5,2.0,11,0.0,0,3,28400,22,9,6,2,78.6,0,0,7500,36,16.01,263.72,3,1,0,1,1,0.08426966292134831,False,False,False,False,True,False,False,False,False,False,False,False,False,False,False,False,False,False,True,False
5.0,100000.0,18.76,0.0,0.0,0,999.0,2005,1,21,14,468661,84835,0,0,999.0,0,1058,7,5,8.0,14,0.0,0,4,34800,9,6,4,1,90.0,0,0,30000,60,10.9,650.78,2,0,0,0,0,0.3,False,False,False,True,False,True,False,False,False,False,False,False,False,False,False,False,False,False,True,False
5.0,45000.0,3.87,0.0,0.0,0,999.0,2007,0,23,12,184500,6150,0,0,999.0,0,0,0,1,13.0,12,0.0,0,3,33500,18,11,3,2,100.0,0,0,10000,36,7.34,310.33,1,0,0,0,0,0.2222222222222222,False,False,False,False,False,False,False,False,True,False,False,False,False,False,False,False,False,False,True,False
2.0,125000.0,10.36,0.0,0.0,0,999.0,1999,2,37,18,384763,74702,0,0,999.0,0,0,8,5,2.0,18,0.0,0,0,66500,16,9,0,3,100.0,0,0,14000,60,7.35,279.54,1,0,0,0,0,0.112,False,False,False,False,False,False,False,False,False,False,False,True,False,False,False,False,False,False,True,False
3.0,88000.0,11.29,0.0,0.0,0,999.0,1999,1,9,8,45900,36793,0,0,999.0,0,0,0,0,0.0,8,0.0,0,5,41600,8,8,5,0,100.0,0,0,40000,36,10.42,1298.59,2,0,0,0,0,0.45454545454545453,False,True,True,False,True,False,False,False,False,False,False,False,False,False,False,False,False,False,True,False
2.0,100000.0,24.01,0.0,0.0,0,31.0,2007,2,19,12,119079,72704,0,0,31.0,0,0,3,6,2.0,11,0.0,0,7,32020,16,8,8,0,63.0,0,0,16100,36,16.02,566.19,3,1,0,1,1,0.161,False,True,False,False,False,False,False,True,False,False,False,False,False,False,False,False,False,False,False,False
1.0,50000.0,36.24,112400.0,17.53,0,42.0,2004,1,22,14,547026,60871,0,0,999.0,0,0,2,6,5.0,14,0.0,0,6,62600,16,11,7,1,86.4,0,0,35000,36,16.01,1230.67,3,1,1,1,0,0.7,False,False,False,True,True,False,False,False,False,False,False,False,False,False,True,False,False,True,True,False
4.0,26000.0,35.92,0.0,0.0,0,999.0,2014,5,14,10,43887,34120,0,0,999.0,0,0,2,6,1.0,10,0.0,0,2,7900,10,8,7,0,100.0,0,0,4000,36,20.0,148.66,4,0,0,0,0,0.15384615384615385,True,False,True,False,False,True,False,False,False,False,False,False,False,False,False,False,False,False,True,False
10.0,90000.0,4.91,0.0,0.0,0,999.0,2005,8,18,11,375698,19645,0,0,999.0,0,0,1,6,4.0,11,0.0,0,4,17500,9,9,4,5,100.0,0,0,5000,36,7.34,155.17,1,0,0,0,0,0.05555555555555555,True,False,True,False,False,False,False,False,False,False,False,False,False,False,False,False,False,False,True,False
10.0,121000.0,8.53,0.0,0.0,1,6.0,2005,5,28,9,700064,43355,0,1,999.0,0,0,1,7,4.0,9,0.0,0,5,23800,11,7,7,8,96.4,0,1,25000,60,15.04,595.28,3,0,0,1,0,0.2066115702479339,True,False,True,False,False,True,False,False,False,False,False,False,False,False,False,False,False,False,True,False
2.0,60000.0,16.33,0.0,0.0,0,34.0,2006,0,29,14,87978,41771,0,0,34.0,0,0,7,5,999.0,14,0.0,0,3,37200,12,6,4,0,89.7,0,0,3600,36,6.08,109.65,1,0,0,1,1,0.06,False,True,False,False,False,False,False,False,True,False,False,False,False,False,False,False,False,False,True,False
4.0,45000.0,23.01,0.0,0.0,0,24.0,2004,2,36,12,95048,20166,1,0,54.0,0,750,3,5,5.0,12,0.0,0,1,4500,26,8,2,2,91.7,0,0,12000,36,16.02,422.01,3,0,0,1,1,0.26666666666666666,False,False,False,False,False,True,False,False,False,False,False,False,False,False,False,False,False,False,False,False
10.0,130000.0,9.78,0.0,0.0,0,999.0,2001,1,23,10,75824,61905,0,0,999.0,0,0,1,2,8.0,10,0.0,0,4,16800,19,9,7,0,100.0,0,0,35000,36,14.07,1197.41,3,0,0,0,0,0.2692307692307692,False,True,True,False,False,True,False,False,False,False,False,False,False,False,False,False,False,False,False,False
0.0,140000.0,14.68,0.0,0.0,1,12.0,1999,0,16,11,138789,48708,0,0,999.0,0,1561,4,0,999.0,11,0.0,0,4,12500,9,7,5,0,87.5,0,0,5000,36,13.59,169.9,3,0,0,1,0,0.03571428571428571,False,True,False,False,False,True,False,False,False,False,False,False,False,False,False,False,False,False,True,False
8.0,38000.0,4.26,86000.0,1.88,0,999.0,2006,0,9,4,11978,7072,0,0,999.0,0,0,2,0,16.0,4,0.0,0,1,500,4,2,1,0,77.8,0,0,30000,60,19.42,785.17,4,0,1,0,0,0.7894736842105263,False,True,False,True,False,False,False,False,False,False,False,False,True,False,True,False,False,True,True,False
8.0,132300.0,3.54,0.0,0.0,0,999.0,2004,3,27,8,44276,5449,0,0,999.0,0,0,1,5,0.0,8,0.0,0,1,21000,19,7,2,0,100.0,0,0,40000,60,11.99,889.58,2,1,0,0,0,0.30234315948601664,False,True,False,True,False,False,False,False,True,False,False,False,False,False,False,False,False,False,True,False
2.0,39000.0,7.24,0.0,0.0,0,999.0,2013,0,4,4,18600,11445,0,0,999.0,0,0,0,3,15.0,4,0.0,0,4,18600,4,4,4,0,100.0,0,0,30000,60,21.45,819.22,4,1,0,0,0,0.7692307692307693,True,False,False,True,True,False,False,False,False,False,False,False,False,False,False,False,False,False,True,False
5.0,65000.0,11.5,0.0,0.0,0,24.0,2005,1,58,16,105916,27685,0,0,999.0,0,1525,1,10,4.0,16,0.0,0,3,48100,38,15,3,0,98.2,0,0,10000,36,6.72,307.5,1,0,0,1,0,0.15384615384615385,True,False,True,False,False,True,False,False,False,False,False,False,False,False,False,False,False,False,True,False
1.0,25100.0,22.91,0.0,0.0,0,999.0,2008,0,23,13,86251,65039,0,0,999.0,0,0,10,3,18.0,13,0.0,0,3,23900,8,3,3,0,100.0,0,0,3700,36,15.04,128.34,3,0,0,0,0,0.14741035856573706,False,True,False,True,False,False,False,False,False,False,False,True,False,False,False,False,False,False,False,False
10.0,63000.0,28.3,116000.0,19.05,0,999.0,1993,4,38,18,306240,68939,0,0,999.0,0,0,2,10,8.0,18,0.0,0,7,60400,18,14,10,5,100.0,0,0,24000,36,6.07,730.89,1,0,1,0,0,0.38095238095238093,False,False,True,False,False,True,False,False,False,False,False,False,False,False,True,True,False,False,True,False
4.0,15000.0,20.48,39000.0,18.06,1,4.0,2003,3,37,15,257794,80201,0,0,25.0,0,0,6,2,3.0,15,0.0,0,2,8000,23,8,7,1,97.3,0,0,4075,36,20.0,151.45,4,0,1,1,1,0.27166666666666667,False,True,False,True,False,True,False,False,False,False,False,False,False,False,True,False,False,True,False,False
7.0,66000.0,22.34,0.0,0.0,0,999.0,2006,2,34,23,74600,27928,0,0,999.0,0,0,2,5,3.0,23,0.0,0,14,43200,32,21,18,0,100.0,0,0,22000,36,7.96,689.0,1,1,0,0,0,0.3333333333333333,False,True,True,False,False,True,False,False,False,False,False,False,False,False,False,False,False,False,True,False
0.0,170000.0,11.55,0.0,0.0,0,999.0,2003,1,15,10,74719,49344,0,1,999.0,0,0,4,4,11.0,10,0.0,0,5,25000,8,6,5,1,100.0,0,1,22000,60,30.17,714.08,6,0,0,0,0,0.12941176470588237,False,False,True,False,False,True,False,False,False,False,False,False,False,False,False,False,False,False,True,False
3.0,90000.0,10.4,0.0,0.0,0,45.0,2003,4,28,20,222489,74455,0,3,45.0,0,0,12,8,8.0,20,0.0,0,2,10600,8,7,3,2,88.9,2,1,8400,36,13.59,285.43,3,0,0,1,1,0.09333333333333334,False,False,False,False,False,True,False,False,False,False,False,False,False,False,False,False,False,False,False,False
1.0,36000.0,31.5,86000.0,26.76,0,73.0,1979,5,15,8,376501,30063,0,1,73.0,0,0,2,6,7.0,8,0.0,0,2,14500,8,5,3,2,93.3,0,1,24000,60,30.75,787.58,6,1,1,1,1,0.6666666666666666,False,False,True,False,True,False,False,False,False,False,False,False,False,False,True,False,True,False,True,False
3.0,61500.0,11.14,0.0,0.0,0,999.0,2003,0,7,4,348712,8717,0,0,999.0,0,3209,1,2,999.0,4,0.0,0,2,7300,3,2,2,3,100.0,0,0,5000,36,13.59,169.9,3,0,0,0,0,0.08130081300813008,False,True,True,False,False,True,False,False,False,False,False,False,False,False,False,False,False,False,True,False
3.0,105000.0,10.95,0.0,0.0,0,58.0,2010,0,29,4,162523,24869,0,0,999.0,0,0,1,2,20.0,4,0.0,0,2,19000,15,2,2,1,93.1,0,0,7500,36,9.93,241.76,2,0,0,1,0,0.07142857142857142,False,False,False,False,False,True,False,False,False,False,False,False,False,False,False,False,False,False,True,False
10.0,160000.0,7.45,235000.0,5.99,1,16.0,2004,4,43,14,411875,54182,0,1,999.0,0,0,2,15,1.0,14,0.0,0,0,0,24,11,3,2,97.7,0,1,8400,36,7.34,260.68,1,0,1,1,0,0.0525,False,False,False,False,False,False,True,False,False,False,False,False,False,False,True,True,False,False,False,False
7.0,82000.0,10.04,0.0,0.0,0,42.0,2011,0,12,8,45455,32946,0,2,999.0,0,233,1,5,16.0,8,0.0,0,4,15100,8,7,5,0,83.3,1,1,6800,36,17.47,244.04,4,0,0,1,0,0.08292682926829269,False,True,False,False,False,False,False,False,True,False,False,False,False,False,False,False,False,False,True,False
10.0,135000.0,12.73,0.0,0.0,0,40.0,2005,7,46,15,76514,66384,0,0,45.0,0,2326,1,12,4.0,15,0.0,0,6,8200,26,13,7,3,82.5,0,0,4375,36,26.3,176.98,5,0,0,1,1,0.032407407407407406,False,True,False,False,False,False,False,False,True,False,False,False,False,False,False,False,False,False,True,False
5.0,69700.0,7.02,0.0,0.0,0,999.0,2007,5,37,25,212000,11612,0,0,999.0,0,0,0,12,2.0,25,0.0,0,6,160100,34,25,9,0,100.0,0,0,20000,36,7.35,620.75,1,0,0,0,0,0.28694404591104733,True,False,False,False,False,True,False,False,False,False,False,False,False,False,False,False,False,False,True,False
7.0,50000.0,7.97,0.0,0.0,1,15.0,1989,0,20,13,196600,10534,0,0,999.0,0,588,0,3,14.0,13,0.0,0,3,8400,17,11,6,2,100.0,0,0,8000,36,10.91,261.57,2,0,0,1,0,0.16,True,False,False,False,False,True,False,False,False,False,False,False,False,False,False,False,False,False,False,False
10.0,25000.0,28.66,0.0,0.0,0,999.0,2007,2,10,7,34315,13581,0,0,999.0,0,0,2,3,4.0,7,0.0,0,2,10000,8,5,4,0,100.0,0,0,20000,60,20.39,534.23,4,1,0,0,0,0.8,True,False,False,True,False,True,False,False,False,False,False,False,False,False,False,False,False,False,True,False
10.0,64000.0,34.46,0.0,0.0,0,42.0,1998,0,30,12,81771,54523,0,0,999.0,0,0,3,5,999.0,12,0.0,0,0,5300,14,8,6,2,90.0,0,0,14000,36,11.99,464.94,2,1,0,1,0,0.21875,False,True,True,False,False,True,False,False,False,False,False,False,False,False,False,False,False,False,True,False
10.0,120000.0,16.36,177624.0,26.81,0,999.0,1987,1,29,13,421900,64926,0,0,999.0,0,545,4,6,6.0,13,0.0,0,3,56500,12,8,5,3,100.0,0,0,15000,60,11.99,333.6,2,1,1,0,0,0.125,False,False,True,False,False,True,False,False,False,False,False,False,False,False,True,False,True,False,True,False
0.0,30000.0,24.04,0.0,0.0,0,55.0,2004,3,10,6,43500,19493,0,0,999.0,0,0,2,1,3.0,6,0.0,0,3,19000,5,4,3,0,90.0,0,0,5000,36,13.59,169.9,3,1,0,1,0,0.16666666666666666,False,False,False,False,True,False,False,False,False,False,False,False,False,False,False,False,False,False,False,False
10.0,69000.0,18.35,0.0,0.0,0,999.0,2001,1,16,11,231032,39039,0,0,999.0,0,0,1,1,4.0,11,0.0,0,8,58000,12,9,8,1,100.0,0,0,25000,60,10.91,542.44,2,0,0,0,0,0.36231884057971014,False,False,True,False,False,False,True,False,False,False,False,False,False,False,False,False,False,False,True,False
1.0,40000.0,6.27,105000.0,12.81,2,12.0,2013,1,7,5,23700,15694,0,0,999.0,0,0,1,2,4.0,5,0.0,0,1,8500,6,4,2,0,71.4,0,0,16000,60,21.45,436.92,4,0,1,1,0,0.4,False,True,True,False,False,True,False,False,False,False,False,False,False,False,True,False,True,False,True,False
10.0,62000.0,19.71,0.0,0.0,0,999.0,2008,5,10,7,78508,59504,0,0,999.0,0,0,1,4,0.0,7,0.0,0,2,19000,6,6,3,0,100.0,0,0,30000,36,20.0,1114.91,4,0,0,0,0,0.4838709677419355,True,False,False,True,False,True,False,False,False,False,False,False,False,False,False,False,False,False,False,False
5.0,70000.0,35.3,0.0,0.0,0,999.0,2000,0,23,12,84167,46738,0,1,999.0,0,0,5,5,16.0,12,0.0,0,5,28500,14,7,5,0,100.0,0,1,28000,36,17.09,999.54,4,1,0,0,0,0.4,False,True,False,True,False,True,False,False,False,False,False,False,False,False,False,False,False,False,True,False
10.0,104000.0,8.0,0.0,0.0,0,35.0,1987,4,25,17,356065,37113,1,1,38.0,0,0,7,10,7.0,17,0.0,0,5,14500,11,8,7,1,73.9,1,0,35000,36,15.04,1213.98,3,0,0,1,1,0.33653846153846156,True,False,True,False,False,True,False,False,False,False,False,False,False,False,False,False,False,False,False,False
10.0,60000.0,27.17,83550.0,24.52,0,999.0,1994,1,24,11,186793,39298,0,0,999.0,0,0,2,3,10.0,11,0.0,0,1,19600,12,7,2,3,100.0,0,0,5000,36,6.07,152.27,1,0,1,0,0,0.08333333333333333,False,False,True,False,False,True,False,False,False,False,False,False,False,False,True,True,False,False,True,False
10.0,109000.0,16.89,0.0,0.0,0,999.0,1996,0,21,10,340409,32691,0,0,999.0,0,0,1,0,16.0,9,0.0,0,7,28000,11,7,5,2,100.0,0,0,29975,36,15.05,1039.83,3,0,0,0,0,0.275,False,False,False,True,False,True,False,False,False,False,False,False,False,False,False,False,False,False,False,False
2.0,65000.0,17.01,0.0,0.0,0,999.0,2004,2,33,18,111400,42813,0,0,999.0,0,0,1,6,3.0,18,0.0,0,2,62200,31,17,5,0,100.0,0,0,18000,60,10.42,386.18,2,0,0,0,0,0.27692307692307694,True,False,True,False,False,True,False,False,False,False,False,False,False,False,False,False,False,False,True,False
9.0,85000.0,22.88,0.0,0.0,0,32.0,2002,1,22,7,98213,46100,0,0,34.0,0,0,3,5,10.0,7,0.0,0,4,45000,13,4,4,0,90.9,0,0,9600,36,14.08,328.48,3,1,0,1,1,0.11294117647058824,False,True,False,False,False,True,False,False,False,False,False,False,False,False,False,False,False,False,True,False
10.0,57500.0,16.18,0.0,0.0,0,999.0,1998,0,30,18,291462,24486,0,0,999.0,0,0,2,4,15.0,18,0.0,0,1,86000,23,15,1,3,100.0,0,0,4000,36,6.71,122.98,1,0,0,0,0,0.06956521739130435,True,False,True,False,False,False,False,False,False,False,False,True,False,False,False,False,False,False,True,False
6.0,112500.0,19.42,0.0,0.0,1,13.0,1997,0,41,24,93785,72536,0,0,72.0,0,0,1,7,13.0,24,0.0,0,10,42400,35,23,12,1,75.0,0,0,30000,36,11.99,996.29,2,0,0,1,1,0.26666666666666666,False,True,False,False,False,True,False,False,False,False,False,False,False,False,False,False,False,False,True,True
10.0,90500.0,15.86,0.0,0.0,2,12.0,2001,8,32,13,80755,47213,0,0,19.0,0,0,3,6,1.0,13,0.0,0,2,2800,14,10,9,0,83.9,0,0,15000,60,21.85,413.01,4,1,0,1,1,0.16574585635359115,False,False,False,False,False,False,True,False,False,False,False,False,False,False,False,False,False,False,True,False
5.0,65000.0,5.1,0.0,0.0,0,999.0,2006,0,15,5,152343,11227,0,0,999.0,0,0,1,2,22.0,5,0.0,0,0,26800,5,3,0,4,100.0,0,0,4000,36,5.32,120.46,1,0,0,0,0,0.06153846153846154,False,False,False,False,False,False,False,False,True,False,False,False,False,False,False,False,False,False,True,False
6.0,59000.0,10.92,0.0,0.0,0,999.0,1998,6,20,11,108284,15058,0,1,999.0,0,0,1,9,0.0,11,0.0,0,3,23800,11,9,7,1,100.0,0,1,12000,36,9.44,384.06,2,1,0,0,0,0.2033898305084746,False,False,True,False,False,False,True,False,False,False,False,False,False,False,False,False,False,False,False,False
10.0,48000.0,30.93,0.0,0.0,0,999.0,2005,1,43,20,116353,95299,0,0,999.0,0,0,9,3,2.0,20,0.0,0,5,30500,19,11,5,0,100.0,0,0,10000,36,10.91,326.97,2,1,0,0,0,0.20833333333333334,False,True,True,False,False,True,False,False,False,False,False,False,False,False,False,False,False,False,True,False
1.0,86000.0,10.81,0.0,0.0,0,42.0,2004,3,29,15,511274,46604,0,0,52.0,0,0,3,6,1.0,15,0.0,0,4,63400,22,11,8,1,62.1,0,0,4000,36,6.71,122.98,1,0,0,1,1,0.046511627906976744,False,False,False,True,False,False,True,False,False,False,False,False,False,False,False,False,False,False,True,False
6.0,68353.0,16.06,0.0,0.0,0,999.0,1999,2,11,8,361446,45182,0,0,65.0,0,0,1,7,9.0,8,0.0,0,3,13600,7,6,4,1,91.0,0,0,30750,36,25.82,1235.99,5,1,0,0,1,0.449870525068395,False,False,False,True,False,False,True,False,False,False,False,False,False,False,False,False,False,False,False,False
10.0,71487.0,18.52,0.0,0.0,0,70.0,1983,5,17,7,236141,61100,0,1,70.0,0,94,3,6,0.0,7,0.0,0,1,4900,7,3,2,3,94.1,0,1,6500,36,10.42,211.03,2,0,0,1,1,0.09092562284051646,False,False,True,False,False,False,False,True,False,False,False,False,False,False,False,False,False,False,True,False
2.0,80000.0,20.84,0.0,0.0,0,999.0,2008,2,17,11,79838,54586,0,0,999.0,0,0,3,3,1.0,11,0.0,0,3,15300,10,8,6,0,100.0,0,0,11100,60,21.85,305.63,4,0,0,0,0,0.13875,False,True,True,False,False,True,False,False,False,False,False,False,False,False,False,False,False,False,True,False
3.0,2300000.0,3.08,0.0,0.0,0,35.0,1998,1,27,9,2761000,942456,0,2,64.0,0,0,1,7,10.0,9,0.0,0,4,112000,11,7,5,3,92.3,2,0,40000,36,9.44,1280.2,2,0,0,1,1,0.017391304347826087,False,False,False,True,False,False,False,False,True,False,False,False,False,False,False,False,False,False,True,False
10.0,35000.0,43.38,79000.0,21.16,0,999.0,2003,4,11,8,344718,42113,0,0,999.0,0,0,2,2,9.0,8,0.0,0,4,35600,6,4,4,3,100.0,0,0,16600,36,7.34,515.15,1,1,1,0,0,0.4742857142857143,False,False,False,True,False,False,True,False,False,False,False,False,False,False,True,False,False,True,False,False
0.0,42000.0,17.66,0.0,0.0,0,999.0,1987,1,57,21,257256,282639,0,0,999.0,0,0,13,4,5.0,21,0.0,0,2,23700,11,8,2,0,100.0,0,0,2000,36,17.09,71.4,4,0,0,0,0,0.047619047619047616,False,True,True,False,False,False,False,False,False,False,False,False,False,False,False,False,False,False,False,False
10.0,55000.0,5.0,0.0,0.0,0,999.0,2009,5,26,15,60700,4818,0,2,999.0,0,0,0,9,0.0,15,0.0,0,6,36000,25,15,9,0,100.0,1,1,14300,60,13.58,329.64,3,1,0,0,0,0.26,False,True,True,False,False,False,False,False,False,False,False,True,False,False,False,False,False,False,True,False
2.0,30000.0,25.16,0.0,0.0,0,999.0,2011,1,8,6,51000,44701,0,0,999.0,0,0,5,1,7.0,6,0.0,0,0,0,2,1,1,0,100.0,0,0,5000,36,15.04,173.43,3,0,0,0,0,0.16666666666666666,False,True,True,False,False,False,False,False,False,False,True,False,False,False,False,False,False,False,False,False
10.0,55000.0,21.56,0.0,0.0,0,999.0,2005,1,41,6,282145,310894,0,0,999.0,0,0,3,3,1.0,6,0.0,0,1,12700,8,3,2,0,100.0,0,0,1550,36,9.93,49.97,2,1,0,0,0,0.028181818181818183,False,True,True,False,False,False,False,False,False,False,False,True,False,False,False,False,False,False,True,False
3.0,80000.0,25.98,159200.0,27.39,0,999.0,2012,5,13,10,100280,69396,0,0,999.0,0,0,5,5,5.0,10,0.0,0,2,9500,6,5,4,0,100.0,0,0,30000,60,14.07,699.14,3,0,1,0,0,0.375,False,True,True,False,False,True,False,False,False,False,False,False,False,False,True,False,True,False,True,False
10.0,67760.0,30.69,0.0,0.0,0,30.0,1993,1,33,13,127486,71818,0,0,999.0,0,0,3,6,12.0,13,0.0,0,1,22800,20,9,1,0,78.8,0,0,5300,36,9.43,169.61,2,0,0,1,0,0.07821723730814639,False,True,False,False,False,True,False,False,False,False,False,False,False,False,False,False,False,False,True,False
3.0,151000.0,0.97,0.0,0.0,1,17.0,2007,4,24,10,23400,4748,0,0,33.0,0,0,0,0,0.0,10,0.0,0,2,19000,15,10,2,2,62.5,0,0,32000,60,13.59,737.8,3,1,0,1,1,0.2119205298013245,False,True,False,True,False,False,False,False,True,False,False,False,False,False,False,False,False,False,True,False
0.0,55000.0,36.9,0.0,0.0,0,999.0,1992,2,13,10,66524,52474,0,0,999.0,0,0,2,2,2.0,10,0.0,0,7,19500,9,8,7,0,100.0,0,0,15000,36,21.45,568.6,4,0,0,0,0,0.2727272727272727,False,True,False,False,False,True,False,False,False,False,False,False,False,False,False,False,False,False,True,False
4.0,160000.0,8.74,0.0,0.0,0,55.0,2003,6,39,12,409810,43231,0,0,55.0,0,0,4,5,1.0,12,0.0,0,2,43800,14,6,2,1,91.2,0,0,24000,36,9.93,773.63,2,1,0,1,1,0.15,False,False,True,False,False,False,True,False,False,False,False,False,False,False,False,False,False,False,True,False
4.0,90000.0,3.1,0.0,0.0,0,999.0,2003,0,20,5,41499,7489,0,0,999.0,0,0,0,2,999.0,5,0.0,0,1,29500,13,4,2,0,100.0,0,0,2000,36,6.08,60.92,1,0,0,0,0,0.022222222222222223,False,True,False,True,False,False,False,False,False,False,True,False,False,False,False,False,False,False,True,False
4.0,290000.0,19.34,0.0,0.0,0,50.0,1988,0,34,18,842294,149208,0,0,50.0,0,0,5,5,14.0,18,0.0,0,9,99800,20,11,11,3,94.1,0,0,29175,60,16.02,709.79,3,0,0,1,1,0.10060344827586207,False,False,True,False,False,True,False,False,False,False,False,False,False,False,False,False,False,False,True,False
0.0,40296.0,28.23,0.0,0.0,0,27.0,1997,2,62,14,237498,123342,0,0,28.0,0,0,7,6,2.0,14,0.0,0,3,23400,45,6,5,2,96.7,0,0,15000,36,11.99,498.15,2,0,0,1,1,0.37224538415723646,False,False,False,False,False,False,False,False,False,False,False,True,False,False,False,False,False,False,True,False
9.0,19000.0,209.1,108820.0,36.5,0,999.0,1997,0,42,14,363425,330087,0,0,999.0,0,0,4,5,16.0,14,0.0,0,5,50700,23,10,6,3,100.0,0,0,24000,60,12.62,541.42,3,0,1,0,0,1.263157894736842,False,False,True,False,True,False,False,False,False,False,False,False,False,False,True,False,True,False,True,False
1.0,93500.0,15.92,0.0,0.0,0,999.0,2008,0,15,12,109049,104331,0,0,999.0,0,0,6,2,999.0,12,0.0,0,4,12600,6,6,5,0,100.0,0,0,16800,60,11.99,373.63,2,0,0,0,0,0.17967914438502675,False,True,True,False,False,True,False,False,False,False,False,False,False,False,False,False,False,False,True,False
10.0,420000.0,16.94,0.0,0.0,0,999.0,1994,1,70,51,515651,198508,0,0,999.0,0,0,3,9,1.0,51,0.0,0,23,65600,55,46,43,3,100.0,0,0,30000,60,20.0,794.82,4,0,0,0,0,0.07142857142857142,False,False,True,False,False,True,False,False,False,False,False,False,False,False,False,False,False,False,True,False
0.0,70000.0,20.91,0.0,0.0,0,999.0,2006,1,23,13,68630,28096,0,0,999.0,0,0,2,9,9.0,13,0.0,0,5,10400,16,10,7,0,100.0,0,0,5000,36,10.91,163.49,2,0,0,0,0,0.07142857142857142,True,False,True,False,True,False,False,False,False,False,False,False,False,False,False,False,False,False,True,False
2.0,130000.0,8.83,0.0,0.0,0,25.0,2003,2,10,6,94056,93889,0,0,999.0,0,0,3,3,11.0,6,0.0,0,1,10000,5,3,2,1,100.0,0,0,18000,36,7.97,563.81,1,0,0,1,0,0.13846153846153847,False,False,True,False,False,False,False,False,False,True,False,False,False,False,False,False,False,False,True,False
9.0,57000.0,27.03,0.0,0.0,0,65.0,1997,3,14,9,91511,69274,0,0,999.0,0,0,3,8,9.0,9,0.0,0,3,8500,10,6,3,0,92.9,0,0,5000,36,9.44,160.03,2,0,0,1,0,0.08771929824561403,False,True,False,False,False,False,True,False,False,False,False,False,False,False,False,False,False,False,True,False
6.0,56000.0,12.47,0.0,0.0,0,999.0,1993,1,27,10,135888,19223,0,0,999.0,0,0,1,3,8.0,10,0.0,0,2,16500,20,8,4,2,100.0,0,0,8000,36,6.08,243.67,1,0,0,0,0,0.14285714285714285,True,False,False,True,False,False,False,False,False,False,False,True,False,False,False,False,False,False,True,False
10.0,61400.91,28.62,0.0,0.0,3,13.0,1980,3,23,16,91027,68057,0,0,15.0,0,39,8,3,1.0,16,0.0,0,4,35100,11,8,7,1,91.0,0,0,20000,36,14.08,684.33,3,1,0,1,1,0.3257280714569214,True,False,False,True,False,True,False,False,False,False,False,False,False,False,False,False,False,False,True,False
2.0,84000.0,28.97,0.0,0.0,0,999.0,1997,1,12,11,137552,35067,0,1,999.0,0,0,2,2,11.0,11,0.0,0,4,45200,9,8,7,0,100.0,1,0,30000,36,17.09,1070.93,4,1,0,0,0,0.35714285714285715,True,False,False,True,False,False,True,False,False,False,False,False,False,False,False,False,False,False,True,False
10.0,58000.0,8.96,0.0,0.0,0,999.0,1996,0,30,13,326700,14378,0,1,999.0,0,0,1,4,15.0,13,0.0,0,0,6000,22,11,1,4,100.0,0,1,28000,60,12.61,631.51,3,0,0,0,0,0.4827586206896552,True,False,True,False,False,False,True,False,False,False,False,False,False,False,False,False,False,False,True,False
6.0,78816.0,17.57,0.0,0.0,0,999.0,2000,6,52,24,118155,45550,0,0,999.0,0,0,3,11,4.0,24,0.0,0,9,62900,37,21,13,0,100.0,0,0,13000,36,7.97,407.2,1,0,0,0,0,0.16494112870483152,False,True,False,True,False,False,False,False,False,False,False,True,False,False,False,False,False,False,True,False
6.0,75000.0,25.18,0.0,0.0,0,78.0,1980,1,20,10,89364,68418,0,1,78.0,0,0,2,4,12.0,10,0.0,0,5,17900,14,8,6,0,95.0,0,1,21000,60,10.42,450.55,2,0,0,1,1,0.28,False,False,False,False,False,True,False,False,False,False,False,False,False,False,False,False,False,False,True,False
6.0,20712.0,31.72,0.0,0.0,0,37.0,1999,0,27,8,59300,11937,0,0,51.0,0,0,1,5,13.0,8,0.0,0,2,48500,25,7,2,1,71.4,0,0,10400,36,9.43,332.81,2,0,0,1,1,0.5021243723445346,False,True,False,False,False,True,False,False,False,False,False,False,False,False,False,False,False,False,True,False
4.0,30000.0,25.92,0.0,0.0,0,29.0,2011,3,24,16,66370,19366,0,0,999.0,0,0,1,5,2.0,16,0.0,0,10,48450,23,15,7,0,92.0,0,0,10000,36,10.41,324.61,2,0,0,1,0,0.3333333333333333,False,True,False,False,False,False,False,False,True,False,False,False,False,False,False,False,False,False,True,False
10.0,110000.0,28.21,0.0,0.0,0,999.0,2001,1,31,15,379365,85359,0,0,999.0,0,0,3,5,9.0,15,0.0,0,6,73900,15,11,11,4,100.0,0,0,27650,60,10.42,593.22,2,0,0,0,0,0.25136363636363634,False,False,False,False,False,True,False,False,False,False,False,False,False,False,False,False,False,False,True,False
10.0,133000.0,11.76,0.0,0.0,0,999.0,1998,5,31,7,236327,76088,0,0,999.0,0,0,3,10,9.0,7,0.0,0,2,26900,13,3,2,2,100.0,0,0,16000,36,9.92,515.68,2,0,0,0,0,0.12030075187969924,False,False,True,False,False,True,False,False,False,False,False,False,False,False,False,False,False,False,True,False
4.0,92000.0,19.28,0.0,0.0,0,40.0,2007,0,16,8,112121,68631,0,0,999.0,0,0,2,5,20.0,8,0.0,0,1,18700,10,6,1,0,93.8,0,0,40000,60,9.93,848.51,2,0,0,1,0,0.43478260869565216,False,False,True,False,False,False,False,False,False,True,False,False,False,False,False,False,False,False,True,False
5.0,85000.0,30.61,0.0,0.0,0,999.0,2000,1,16,6,112080,70749,0,0,999.0,0,0,4,3,7.0,6,0.0,0,2,32500,3,2,2,0,100.0,0,0,30000,36,21.45,1137.2,4,1,0,0,0,0.35294117647058826,True,False,True,False,False,True,False,False,False,False,False,False,False,False,False,False,False,False,False,False
5.0,700000.0,1.48,0.0,0.0,1,23.0,1968,4,5,2,57612,50187,0,0,44.0,0,0,1,2,0.0,2,0.0,0,1,300,3,1,1,1,60.0,0,0,5600,36,12.62,187.67,3,1,0,1,1,0.008,False,False,True,False,False,False,False,False,False,False,False,True,False,False,False,False,False,False,False,False
3.0,72000.0,18.69,0.0,0.0,0,999.0,2014,2,9,7,56575,42251,0,0,999.0,0,0,2,4,0.0,7,0.0,0,3,20800,6,5,4,0,100.0,0,0,14000,36,13.58,475.64,3,0,0,0,0,0.19444444444444445,False,True,False,False,True,False,False,False,False,False,False,False,False,False,False,False,False,False,False,False
7.0,85000.0,6.14,115000.0,8.98,0,999.0,2007,1,12,8,59888,28491,0,0,999.0,0,0,1,3,7.0,8,0.0,0,1,30200,10,7,1,0,100.0,0,0,7000,36,6.08,213.21,1,0,1,0,0,0.08235294117647059,False,True,False,True,False,False,False,False,False,False,False,True,False,False,True,True,False,False,True,False
7.0,95000.0,12.58,0.0,0.0,1,7.0,2005,7,55,12,334254,98793,0,0,61.0,0,0,2,14,1.0,12,0.0,0,1,7800,14,9,2,8,94.5,0,0,16000,60,16.02,389.26,3,0,0,1,1,0.16842105263157894,False,False,False,True,False,True,False,False,False,False,False,False,False,False,False,False,False,False,True,False
10.0,78000.0,14.38,0.0,0.0,0,75.0,2005,0,21,7,43648,35107,0,0,999.0,0,0,3,5,18.0,7,0.0,0,1,11700,9,4,2,0,95.2,0,0,15000,60,18.06,381.4,4,1,0,1,0,0.19230769230769232,False,True,True,False,True,False,False,False,False,False,False,False,False,False,False,False,False,False,True,False
10.0,53500.0,17.99,0.0,0.0,1,9.0,1993,4,38,27,175000,23462,0,0,999.0,0,0,1,15,4.0,27,0.0,0,11,45800,30,25,18,3,94.7,0,0,12000,36,12.62,402.14,3,0,0,1,0,0.22429906542056074,False,False,False,False,False,True,False,False,False,False,False,False,False,False,False,False,False,False,False,False
10.0,55000.0,9.56,0.0,0.0,0,999.0,2005,2,28,11,314147,15973,0,0,999.0,0,0,1,5,5.0,11,0.0,0,2,72100,18,9,2,3,100.0,0,0,11000,36,9.92,354.53,2,0,0,0,0,0.2,False,False,True,False,False,False,True,False,False,False,False,False,False,False,False,False,False,False,False,False
1.0,60000.0,21.8,0.0,0.0,0,28.0,2004,2,25,12,50515,23410,0,0,59.0,0,4463,6,2,12.0,12,0.0,0,4,6400,13,6,5,1,52.0,0,0,10000,60,23.88,286.99,5,0,0,1,1,0.16666666666666666,False,False,False,False,True,False,False,False,False,False,False,False,False,False,False,False,False,False,True,False
10.0,65000.0,5.21,0.0,0.0,0,999.0,2010,0,7,4,239800,44708,0,0,999.0,0,0,2,3,999.0,4,0.0,0,1,20000,2,1,1,1,100.0,0,0,30000,36,6.08,913.75,1,0,0,0,0,0.46153846153846156,False,False,True,False,False,False,False,False,False,True,False,False,False,False,False,False,False,False,False,False
8.0,106000.0,21.06,0.0,0.0,0,999.0,2005,2,32,15,303400,65739,0,0,999.0,0,0,4,4,2.0,15,0.0,0,5,90300,20,10,6,2,100.0,0,0,12000,60,7.35,239.61,1,0,0,0,0,0.11320754716981132,True,False,False,False,True,False,False,False,False,False,False,False,False,False,False,False,False,False,True,False
2.0,45000.0,34.99,395000.0,5.89,0,999.0,2007,3,11,6,205636,46364,0,0,999.0,0,0,2,4,1.0,6,0.0,0,2,5000,4,3,3,2,100.0,0,0,14000,60,12.62,315.83,3,0,1,0,0,0.3111111111111111,False,False,False,False,False,False,True,False,False,False,False,False,False,False,True,True,False,False,True,False
10.0,39520.0,28.88,89800.0,20.81,0,999.0,1998,1,23,7,208138,42136,0,0,999.0,0,0,2,2,8.0,7,0.0,0,2,52000,9,4,2,2,100.0,0,0,25500,60,10.42,547.09,2,0,1,0,0,0.645242914979757,True,False,True,False,True,False,False,False,False,False,False,False,False,False,True,True,False,False,True,False
0.0,107000.0,12.15,0.0,0.0,0,999.0,2005,2,40,16,563746,36263,0,0,999.0,0,0,3,6,6.0,16,0.0,0,7,82900,28,12,10,7,100.0,0,0,12600,36,6.72,387.45,1,0,0,0,0,0.11775700934579439,False,False,False,False,True,False,False,False,False,False,False,False,False,False,False,False,False,False,True,False
4.0,54000.0,4.71,119000.0,2.56,0,999.0,2012,0,9,7,25200,8165,0,0,999.0,0,0,0,5,13.0,7,0.0,0,1,17900,9,7,3,0,100.0,0,0,20000,60,10.9,433.86,2,0,1,0,0,0.37037037037037035,False,True,False,False,False,False,False,False,True,False,False,False,False,False,True,True,False,False,False,False
4.0,35000.0,24.7,70000.0,23.97,0,999.0,2013,6,8,7,49097,36219,0,0,999.0,0,0,3,5,1.0,7,0.0,0,2,2400,5,4,4,0,100.0,0,0,20000,60,20.0,529.88,4,1,1,0,0,0.5714285714285714,False,True,True,False,False,False,False,True,False,False,False,False,False,False,True,False,True,False,True,False
5.0,50000.0,2.39,0.0,0.0,0,999.0,2000,0,12,7,68700,4645,0,0,999.0,0,0,0,2,999.0,7,0.0,0,2,68000,8,7,2,0,100.0,0,0,8000,36,7.96,250.55,1,0,0,0,0,0.16,False,True,False,False,False,True,False,False,False,False,False,False,False,False,False,False,False,False,True,False
7.0,64000.0,36.49,194000.0,23.72,0,999.0,2002,1,37,14,434447,150679,0,0,999.0,0,0,6,5,11.0,14,0.0,0,4,26900,8,7,6,3,100.0,0,0,30000,36,9.93,967.03,2,1,1,0,0,0.46875,False,False,False,False,True,False,False,False,False,False,False,False,False,False,True,True,False,False,True,False
7.0,49000.0,36.2,99000.0,28.29,0,999.0,2006,5,14,11,300238,47054,0,0,999.0,0,0,3,8,6.0,11,0.0,0,5,34300,7,7,7,1,100.0,0,0,31200,60,21.45,851.99,4,1,1,0,0,0.636734693877551,False,False,True,False,True,False,False,False,False,False,False,False,False,False,True,False,True,False,True,False
